,,,,,,,,,,,Percent table,,
,,,Obj1,Obj2,Obj3,Checksum,,,,,Obj1,Obj2,Obj3
,,T1,50,0,0,50,,,,T1,100,0,0
,,T2,50,0,0,50,,,,T2,100,0,0
,,T3,42,8,0,50,,,,T3,84,16,0
,,T4,44,6,0,50,,,,T4,88,12,0
,,T5,44,6,0,50,,,,T5,88,12,0
,,T6,6,0,44,50,,,,T6,12,0,88
,,T7,35,0,15,50,,,,T7,70,0,30
,,T8,30,0,20,50,,,,T8,60,0,40
,,T9,32,0,18,50,,,,T9,64,0,36
,,T10,40,0,10,50,,,,T10,80,0,20
,,T11,41,0,9,50,,,,T11,82,0,18
,,T12,0,50,0,50,,,,T12,0,100,0
,,,,,,,,,,,,,
Object,Image,Classified Result,Score-obj1,Score-obj2,Score-obj3,,,,,,,,
T1,C:\workspace\FRA-UAS\semester2\CompInt\CompInt-Project-T3\MATLAB\TObjects\T1\1.png,object1,0.997447252,0.000929293,0.001623574,,,,,,,,
T1,C:\workspace\FRA-UAS\semester2\CompInt\CompInt-Project-T3\MATLAB\TObjects\T1\10.png,object1,0.980737627,0.007599577,0.011662831,,,,,,,,
T1,C:\workspace\FRA-UAS\semester2\CompInt\CompInt-Project-T3\MATLAB\TObjects\T1\11.png,object1,0.998847008,0.00023403,0.000919046,,,,,,,,
T1,C:\workspace\FRA-UAS\semester2\CompInt\CompInt-Project-T3\MATLAB\TObjects\T1\12.png,object1,0.996932507,0.00034941,0.002718061,,,,,,,,
T1,C:\workspace\FRA-UAS\semester2\CompInt\CompInt-Project-T3\MATLAB\TObjects\T1\13.png,object1,0.995879054,0.001286796,0.002834121,,,,,,,,
T1,C:\workspace\FRA-UAS\semester2\CompInt\CompInt-Project-T3\MATLAB\TObjects\T1\14.png,object1,0.997913778,0.00059393,0.001492201,,,,,,,,
T1,C:\workspace\FRA-UAS\semester2\CompInt\CompInt-Project-T3\MATLAB\TObjects\T1\15.png,object1,0.996998906,0.000278419,0.002722679,,,,,,,,
T1,C:\workspace\FRA-UAS\semester2\CompInt\CompInt-Project-T3\MATLAB\TObjects\T1\16.png,object1,0.992914557,0.000151012,0.006934427,,,,,,,,
T1,C:\workspace\FRA-UAS\semester2\CompInt\CompInt-Project-T3\MATLAB\TObjects\T1\17.png,object1,0.990922391,3.55E-05,0.009042197,,,,,,,,
T1,C:\workspace\FRA-UAS\semester2\CompInt\CompInt-Project-T3\MATLAB\TObjects\T1\18.png,object1,0.997470021,0.000554931,0.001975018,,,,,,,,
T1,C:\workspace\FRA-UAS\semester2\CompInt\CompInt-Project-T3\MATLAB\TObjects\T1\19.png,object1,0.997942388,0.000732204,0.001325361,,,,,,,,
T1,C:\workspace\FRA-UAS\semester2\CompInt\CompInt-Project-T3\MATLAB\TObjects\T1\2.png,object1,0.998753071,0.000596168,0.000650771,,,,,,,,
T1,C:\workspace\FRA-UAS\semester2\CompInt\CompInt-Project-T3\MATLAB\TObjects\T1\20.png,object1,0.997141421,0.000570929,0.002287634,,,,,,,,
T1,C:\workspace\FRA-UAS\semester2\CompInt\CompInt-Project-T3\MATLAB\TObjects\T1\21.png,object1,0.998588026,0.000437483,0.000974499,,,,,,,,
T1,C:\workspace\FRA-UAS\semester2\CompInt\CompInt-Project-T3\MATLAB\TObjects\T1\22.png,object1,0.998381376,0.000403671,0.001214864,,,,,,,,
T1,C:\workspace\FRA-UAS\semester2\CompInt\CompInt-Project-T3\MATLAB\TObjects\T1\23.png,object1,0.998350143,0.000350981,0.001298874,,,,,,,,
T1,C:\workspace\FRA-UAS\semester2\CompInt\CompInt-Project-T3\MATLAB\TObjects\T1\24.png,object1,0.997465134,0.000714754,0.001820112,,,,,,,,
T1,C:\workspace\FRA-UAS\semester2\CompInt\CompInt-Project-T3\MATLAB\TObjects\T1\25.png,object1,0.996803761,0.002013016,0.001183147,,,,,,,,
T1,C:\workspace\FRA-UAS\semester2\CompInt\CompInt-Project-T3\MATLAB\TObjects\T1\26.png,object1,0.921349525,0.001444622,0.077205881,,,,,,,,
T1,C:\workspace\FRA-UAS\semester2\CompInt\CompInt-Project-T3\MATLAB\TObjects\T1\27.png,object1,0.992246628,0.000502231,0.007251082,,,,,,,,
T1,C:\workspace\FRA-UAS\semester2\CompInt\CompInt-Project-T3\MATLAB\TObjects\T1\28.png,object1,0.896766663,0.001030883,0.102202453,,,,,,,,
T1,C:\workspace\FRA-UAS\semester2\CompInt\CompInt-Project-T3\MATLAB\TObjects\T1\29.png,object1,0.997758627,0.000564467,0.001676882,,,,,,,,
T1,C:\workspace\FRA-UAS\semester2\CompInt\CompInt-Project-T3\MATLAB\TObjects\T1\3.png,object1,0.997731388,0.000700743,0.001567809,,,,,,,,
T1,C:\workspace\FRA-UAS\semester2\CompInt\CompInt-Project-T3\MATLAB\TObjects\T1\30.png,object1,0.981487274,0.001247144,0.017265586,,,,,,,,
T1,C:\workspace\FRA-UAS\semester2\CompInt\CompInt-Project-T3\MATLAB\TObjects\T1\31.png,object1,0.599421144,0.002113461,0.398465335,,,,,,,,
T1,C:\workspace\FRA-UAS\semester2\CompInt\CompInt-Project-T3\MATLAB\TObjects\T1\32.png,object1,0.995251656,0.001475252,0.003273074,,,,,,,,
T1,C:\workspace\FRA-UAS\semester2\CompInt\CompInt-Project-T3\MATLAB\TObjects\T1\33.png,object1,0.989561975,0.001803858,0.008634158,,,,,,,,
T1,C:\workspace\FRA-UAS\semester2\CompInt\CompInt-Project-T3\MATLAB\TObjects\T1\34.png,object1,0.994445562,0.000852801,0.004701592,,,,,,,,
T1,C:\workspace\FRA-UAS\semester2\CompInt\CompInt-Project-T3\MATLAB\TObjects\T1\35.png,object1,0.996878028,0.00043206,0.002689885,,,,,,,,
T1,C:\workspace\FRA-UAS\semester2\CompInt\CompInt-Project-T3\MATLAB\TObjects\T1\36.png,object1,0.99859482,0.0004704,0.000934713,,,,,,,,
T1,C:\workspace\FRA-UAS\semester2\CompInt\CompInt-Project-T3\MATLAB\TObjects\T1\37.png,object1,0.994290829,0.000977764,0.004731462,,,,,,,,
T1,C:\workspace\FRA-UAS\semester2\CompInt\CompInt-Project-T3\MATLAB\TObjects\T1\38.png,object1,0.991865933,0.001130298,0.007003798,,,,,,,,
T1,C:\workspace\FRA-UAS\semester2\CompInt\CompInt-Project-T3\MATLAB\TObjects\T1\39.png,object1,0.998107553,0.000425036,0.001467387,,,,,,,,
T1,C:\workspace\FRA-UAS\semester2\CompInt\CompInt-Project-T3\MATLAB\TObjects\T1\4.png,object1,0.992618501,0.002594019,0.004787524,,,,,,,,
T1,C:\workspace\FRA-UAS\semester2\CompInt\CompInt-Project-T3\MATLAB\TObjects\T1\40.png,object1,0.995859921,0.00178345,0.002356618,,,,,,,,
T1,C:\workspace\FRA-UAS\semester2\CompInt\CompInt-Project-T3\MATLAB\TObjects\T1\41.png,object1,0.998550951,0.000732943,0.000716142,,,,,,,,
T1,C:\workspace\FRA-UAS\semester2\CompInt\CompInt-Project-T3\MATLAB\TObjects\T1\42.png,object1,0.99551481,0.001603814,0.002881417,,,,,,,,
T1,C:\workspace\FRA-UAS\semester2\CompInt\CompInt-Project-T3\MATLAB\TObjects\T1\43.png,object1,0.997918069,0.000440786,0.001641237,,,,,,,,
T1,C:\workspace\FRA-UAS\semester2\CompInt\CompInt-Project-T3\MATLAB\TObjects\T1\44.png,object1,0.995568573,0.00081922,0.003612188,,,,,,,,
T1,C:\workspace\FRA-UAS\semester2\CompInt\CompInt-Project-T3\MATLAB\TObjects\T1\45.png,object1,0.998753905,0.000132783,0.001113348,,,,,,,,
T1,C:\workspace\FRA-UAS\semester2\CompInt\CompInt-Project-T3\MATLAB\TObjects\T1\46.png,object1,0.995018005,0.001029726,0.003952226,,,,,,,,
T1,C:\workspace\FRA-UAS\semester2\CompInt\CompInt-Project-T3\MATLAB\TObjects\T1\47.png,object1,0.996218026,0.000118969,0.003662987,,,,,,,,
T1,C:\workspace\FRA-UAS\semester2\CompInt\CompInt-Project-T3\MATLAB\TObjects\T1\48.png,object1,0.990298867,0.000100018,0.00960108,,,,,,,,
T1,C:\workspace\FRA-UAS\semester2\CompInt\CompInt-Project-T3\MATLAB\TObjects\T1\49.png,object1,0.992560804,0.000264055,0.00717503,,,,,,,,
T1,C:\workspace\FRA-UAS\semester2\CompInt\CompInt-Project-T3\MATLAB\TObjects\T1\5.png,object1,0.997446775,0.000824804,0.001728354,,,,,,,,
T1,C:\workspace\FRA-UAS\semester2\CompInt\CompInt-Project-T3\MATLAB\TObjects\T1\50.png,object1,0.995572925,0.000730368,0.003696695,,,,,,,,
T1,C:\workspace\FRA-UAS\semester2\CompInt\CompInt-Project-T3\MATLAB\TObjects\T1\6.png,object1,0.998707891,0.00033743,0.000954702,,,,,,,,
T1,C:\workspace\FRA-UAS\semester2\CompInt\CompInt-Project-T3\MATLAB\TObjects\T1\7.png,object1,0.99671185,0.000815223,0.002472933,,,,,,,,
T1,C:\workspace\FRA-UAS\semester2\CompInt\CompInt-Project-T3\MATLAB\TObjects\T1\8.png,object1,0.99537921,0.000755762,0.003865046,,,,,,,,
T1,C:\workspace\FRA-UAS\semester2\CompInt\CompInt-Project-T3\MATLAB\TObjects\T1\9.png,object1,0.996058226,0.000455371,0.003486404,,,,,,,,
T10,C:\workspace\FRA-UAS\semester2\CompInt\CompInt-Project-T3\MATLAB\TObjects\T10\1.png,object1,0.997110367,7.52E-05,0.00281449,,,,,,,,
T10,C:\workspace\FRA-UAS\semester2\CompInt\CompInt-Project-T3\MATLAB\TObjects\T10\10.png,object1,0.999986291,8.33E-11,1.37E-05,,,,,,,,
T10,C:\workspace\FRA-UAS\semester2\CompInt\CompInt-Project-T3\MATLAB\TObjects\T10\11.png,object3,0.454031885,3.19E-05,0.545936227,,,,,,,,
T10,C:\workspace\FRA-UAS\semester2\CompInt\CompInt-Project-T3\MATLAB\TObjects\T10\12.png,object1,0.819936991,5.79E-05,0.180005029,,,,,,,,
T10,C:\workspace\FRA-UAS\semester2\CompInt\CompInt-Project-T3\MATLAB\TObjects\T10\13.png,object1,0.97441262,0.001325782,0.024261519,,,,,,,,
T10,C:\workspace\FRA-UAS\semester2\CompInt\CompInt-Project-T3\MATLAB\TObjects\T10\14.png,object1,0.894254327,0.000199051,0.105546616,,,,,,,,
T10,C:\workspace\FRA-UAS\semester2\CompInt\CompInt-Project-T3\MATLAB\TObjects\T10\15.png,object3,0.265495181,9.29E-06,0.734495521,,,,,,,,
T10,C:\workspace\FRA-UAS\semester2\CompInt\CompInt-Project-T3\MATLAB\TObjects\T10\16.png,object3,0.468101799,3.92E-07,0.531897843,,,,,,,,
T10,C:\workspace\FRA-UAS\semester2\CompInt\CompInt-Project-T3\MATLAB\TObjects\T10\17.png,object1,0.9322685,0.000124792,0.067606732,,,,,,,,
T10,C:\workspace\FRA-UAS\semester2\CompInt\CompInt-Project-T3\MATLAB\TObjects\T10\18.png,object1,0.962501109,2.98E-06,0.037495878,,,,,,,,
T10,C:\workspace\FRA-UAS\semester2\CompInt\CompInt-Project-T3\MATLAB\TObjects\T10\19.png,object3,0.188047469,7.49E-05,0.811877549,,,,,,,,
T10,C:\workspace\FRA-UAS\semester2\CompInt\CompInt-Project-T3\MATLAB\TObjects\T10\2.png,object3,0.012477639,2.54E-05,0.987497091,,,,,,,,
T10,C:\workspace\FRA-UAS\semester2\CompInt\CompInt-Project-T3\MATLAB\TObjects\T10\20.png,object1,0.981593192,0.002806005,0.015600814,,,,,,,,
T10,C:\workspace\FRA-UAS\semester2\CompInt\CompInt-Project-T3\MATLAB\TObjects\T10\21.png,object1,0.999949217,9.32E-07,4.98E-05,,,,,,,,
T10,C:\workspace\FRA-UAS\semester2\CompInt\CompInt-Project-T3\MATLAB\TObjects\T10\22.png,object1,0.568845153,1.74E-05,0.431137502,,,,,,,,
T10,C:\workspace\FRA-UAS\semester2\CompInt\CompInt-Project-T3\MATLAB\TObjects\T10\23.png,object3,0.267433226,6.90E-05,0.732497692,,,,,,,,
T10,C:\workspace\FRA-UAS\semester2\CompInt\CompInt-Project-T3\MATLAB\TObjects\T10\24.png,object1,0.999487162,2.07E-08,0.000512809,,,,,,,,
T10,C:\workspace\FRA-UAS\semester2\CompInt\CompInt-Project-T3\MATLAB\TObjects\T10\25.png,object1,0.685155749,0.000270495,0.314573705,,,,,,,,
T10,C:\workspace\FRA-UAS\semester2\CompInt\CompInt-Project-T3\MATLAB\TObjects\T10\26.png,object1,0.991615593,0.000141575,0.008242803,,,,,,,,
T10,C:\workspace\FRA-UAS\semester2\CompInt\CompInt-Project-T3\MATLAB\TObjects\T10\27.png,object1,0.984129548,8.87E-05,0.015781723,,,,,,,,
T10,C:\workspace\FRA-UAS\semester2\CompInt\CompInt-Project-T3\MATLAB\TObjects\T10\28.png,object1,0.823048294,1.05E-05,0.176941156,,,,,,,,
T10,C:\workspace\FRA-UAS\semester2\CompInt\CompInt-Project-T3\MATLAB\TObjects\T10\29.png,object1,0.771334112,0.000159503,0.228506342,,,,,,,,
T10,C:\workspace\FRA-UAS\semester2\CompInt\CompInt-Project-T3\MATLAB\TObjects\T10\3.png,object1,0.950703859,0.000792465,0.048503675,,,,,,,,
T10,C:\workspace\FRA-UAS\semester2\CompInt\CompInt-Project-T3\MATLAB\TObjects\T10\30.png,object1,0.996664226,7.22E-10,0.0033357,,,,,,,,
T10,C:\workspace\FRA-UAS\semester2\CompInt\CompInt-Project-T3\MATLAB\TObjects\T10\31.png,object1,0.968271077,7.76E-06,0.031721119,,,,,,,,
T10,C:\workspace\FRA-UAS\semester2\CompInt\CompInt-Project-T3\MATLAB\TObjects\T10\32.png,object1,0.936993301,1.78E-05,0.062988847,,,,,,,,
T10,C:\workspace\FRA-UAS\semester2\CompInt\CompInt-Project-T3\MATLAB\TObjects\T10\33.png,object1,0.975721121,7.27E-05,0.024206223,,,,,,,,
T10,C:\workspace\FRA-UAS\semester2\CompInt\CompInt-Project-T3\MATLAB\TObjects\T10\34.png,object3,0.363124549,0.005211262,0.631664217,,,,,,,,
T10,C:\workspace\FRA-UAS\semester2\CompInt\CompInt-Project-T3\MATLAB\TObjects\T10\35.png,object1,0.626230955,2.72E-06,0.373766303,,,,,,,,
T10,C:\workspace\FRA-UAS\semester2\CompInt\CompInt-Project-T3\MATLAB\TObjects\T10\36.png,object1,0.998967886,1.17E-06,0.001030914,,,,,,,,
T10,C:\workspace\FRA-UAS\semester2\CompInt\CompInt-Project-T3\MATLAB\TObjects\T10\37.png,object1,0.997938573,4.70E-07,0.002060917,,,,,,,,
T10,C:\workspace\FRA-UAS\semester2\CompInt\CompInt-Project-T3\MATLAB\TObjects\T10\38.png,object3,0.126294971,0.000174704,0.873530328,,,,,,,,
T10,C:\workspace\FRA-UAS\semester2\CompInt\CompInt-Project-T3\MATLAB\TObjects\T10\39.png,object1,0.997011423,2.64E-05,0.002962186,,,,,,,,
T10,C:\workspace\FRA-UAS\semester2\CompInt\CompInt-Project-T3\MATLAB\TObjects\T10\4.png,object1,0.672015786,0.001054781,0.32692939,,,,,,,,
T10,C:\workspace\FRA-UAS\semester2\CompInt\CompInt-Project-T3\MATLAB\TObjects\T10\40.png,object1,0.600374639,2.91E-05,0.399596214,,,,,,,,
T10,C:\workspace\FRA-UAS\semester2\CompInt\CompInt-Project-T3\MATLAB\TObjects\T10\41.png,object1,0.995853543,1.24E-06,0.00414529,,,,,,,,
T10,C:\workspace\FRA-UAS\semester2\CompInt\CompInt-Project-T3\MATLAB\TObjects\T10\42.png,object3,0.157383963,0.00092988,0.84168607,,,,,,,,
T10,C:\workspace\FRA-UAS\semester2\CompInt\CompInt-Project-T3\MATLAB\TObjects\T10\43.png,object1,0.993380189,3.63E-05,0.006583498,,,,,,,,
T10,C:\workspace\FRA-UAS\semester2\CompInt\CompInt-Project-T3\MATLAB\TObjects\T10\44.png,object1,0.995179415,9.99E-06,0.004810588,,,,,,,,
T10,C:\workspace\FRA-UAS\semester2\CompInt\CompInt-Project-T3\MATLAB\TObjects\T10\45.png,object1,0.999827623,5.39E-07,0.000171733,,,,,,,,
T10,C:\workspace\FRA-UAS\semester2\CompInt\CompInt-Project-T3\MATLAB\TObjects\T10\46.png,object1,0.998824894,2.30E-05,0.001152098,,,,,,,,
T10,C:\workspace\FRA-UAS\semester2\CompInt\CompInt-Project-T3\MATLAB\TObjects\T10\47.png,object3,0.006542006,5.68E-07,0.993457377,,,,,,,,
T10,C:\workspace\FRA-UAS\semester2\CompInt\CompInt-Project-T3\MATLAB\TObjects\T10\48.png,object1,0.995998859,7.23E-05,0.003928836,,,,,,,,
T10,C:\workspace\FRA-UAS\semester2\CompInt\CompInt-Project-T3\MATLAB\TObjects\T10\49.png,object1,0.959326506,0.000193134,0.040480312,,,,,,,,
T10,C:\workspace\FRA-UAS\semester2\CompInt\CompInt-Project-T3\MATLAB\TObjects\T10\5.png,object1,0.513513803,0.120374024,0.366112173,,,,,,,,
T10,C:\workspace\FRA-UAS\semester2\CompInt\CompInt-Project-T3\MATLAB\TObjects\T10\50.png,object1,0.628736675,7.27E-07,0.37126255,,,,,,,,
T10,C:\workspace\FRA-UAS\semester2\CompInt\CompInt-Project-T3\MATLAB\TObjects\T10\6.png,object1,0.997775972,0.000407874,0.001816206,,,,,,,,
T10,C:\workspace\FRA-UAS\semester2\CompInt\CompInt-Project-T3\MATLAB\TObjects\T10\7.png,object1,0.977872431,4.35E-07,0.022127168,,,,,,,,
T10,C:\workspace\FRA-UAS\semester2\CompInt\CompInt-Project-T3\MATLAB\TObjects\T10\8.png,object1,0.973517776,9.70E-05,0.02638519,,,,,,,,
T10,C:\workspace\FRA-UAS\semester2\CompInt\CompInt-Project-T3\MATLAB\TObjects\T10\9.png,object1,0.608953655,4.72E-07,0.391045868,,,,,,,,
T11,C:\workspace\FRA-UAS\semester2\CompInt\CompInt-Project-T3\MATLAB\TObjects\T11\1.png,object1,0.99453187,6.05E-06,0.00546209,,,,,,,,
T11,C:\workspace\FRA-UAS\semester2\CompInt\CompInt-Project-T3\MATLAB\TObjects\T11\10.png,object1,0.872555852,0.000405583,0.127038628,,,,,,,,
T11,C:\workspace\FRA-UAS\semester2\CompInt\CompInt-Project-T3\MATLAB\TObjects\T11\11.png,object1,0.943463564,0.000824093,0.055712439,,,,,,,,
T11,C:\workspace\FRA-UAS\semester2\CompInt\CompInt-Project-T3\MATLAB\TObjects\T11\12.png,object3,0.025409542,3.29E-06,0.974587142,,,,,,,,
T11,C:\workspace\FRA-UAS\semester2\CompInt\CompInt-Project-T3\MATLAB\TObjects\T11\13.png,object1,0.877683759,0.000398008,0.121918261,,,,,,,,
T11,C:\workspace\FRA-UAS\semester2\CompInt\CompInt-Project-T3\MATLAB\TObjects\T11\14.png,object1,0.998426795,1.24E-05,0.001560818,,,,,,,,
T11,C:\workspace\FRA-UAS\semester2\CompInt\CompInt-Project-T3\MATLAB\TObjects\T11\15.png,object1,0.755668104,0.000188672,0.244143322,,,,,,,,
T11,C:\workspace\FRA-UAS\semester2\CompInt\CompInt-Project-T3\MATLAB\TObjects\T11\16.png,object1,0.837040663,0.000564646,0.162394628,,,,,,,,
T11,C:\workspace\FRA-UAS\semester2\CompInt\CompInt-Project-T3\MATLAB\TObjects\T11\17.png,object1,0.932109475,0.020593133,0.04729731,,,,,,,,
T11,C:\workspace\FRA-UAS\semester2\CompInt\CompInt-Project-T3\MATLAB\TObjects\T11\18.png,object1,0.683420777,1.12E-06,0.31657809,,,,,,,,
T11,C:\workspace\FRA-UAS\semester2\CompInt\CompInt-Project-T3\MATLAB\TObjects\T11\19.png,object1,0.923003733,2.43E-07,0.076996014,,,,,,,,
T11,C:\workspace\FRA-UAS\semester2\CompInt\CompInt-Project-T3\MATLAB\TObjects\T11\2.png,object3,0.406188041,8.79E-05,0.593724132,,,,,,,,
T11,C:\workspace\FRA-UAS\semester2\CompInt\CompInt-Project-T3\MATLAB\TObjects\T11\20.png,object3,0.23995851,9.06E-08,0.760041416,,,,,,,,
T11,C:\workspace\FRA-UAS\semester2\CompInt\CompInt-Project-T3\MATLAB\TObjects\T11\21.png,object3,0.167488813,0.000112763,0.832398474,,,,,,,,
T11,C:\workspace\FRA-UAS\semester2\CompInt\CompInt-Project-T3\MATLAB\TObjects\T11\22.png,object1,0.820333898,0.000513752,0.179152325,,,,,,,,
T11,C:\workspace\FRA-UAS\semester2\CompInt\CompInt-Project-T3\MATLAB\TObjects\T11\23.png,object1,0.972731054,0.006902601,0.020366386,,,,,,,,
T11,C:\workspace\FRA-UAS\semester2\CompInt\CompInt-Project-T3\MATLAB\TObjects\T11\24.png,object1,0.528858364,9.90E-05,0.471042573,,,,,,,,
T11,C:\workspace\FRA-UAS\semester2\CompInt\CompInt-Project-T3\MATLAB\TObjects\T11\25.png,object3,0.435044527,6.35E-05,0.564891994,,,,,,,,
T11,C:\workspace\FRA-UAS\semester2\CompInt\CompInt-Project-T3\MATLAB\TObjects\T11\26.png,object1,0.999896169,2.23E-08,0.000103776,,,,,,,,
T11,C:\workspace\FRA-UAS\semester2\CompInt\CompInt-Project-T3\MATLAB\TObjects\T11\27.png,object1,0.965860963,0.000104259,0.034034859,,,,,,,,
T11,C:\workspace\FRA-UAS\semester2\CompInt\CompInt-Project-T3\MATLAB\TObjects\T11\28.png,object1,0.823901474,2.58E-05,0.176072657,,,,,,,,
T11,C:\workspace\FRA-UAS\semester2\CompInt\CompInt-Project-T3\MATLAB\TObjects\T11\29.png,object1,0.940798461,0.000713916,0.058487523,,,,,,,,
T11,C:\workspace\FRA-UAS\semester2\CompInt\CompInt-Project-T3\MATLAB\TObjects\T11\3.png,object1,0.954694211,0.000664306,0.044641424,,,,,,,,
T11,C:\workspace\FRA-UAS\semester2\CompInt\CompInt-Project-T3\MATLAB\TObjects\T11\30.png,object1,0.501957417,2.61E-05,0.498016477,,,,,,,,
T11,C:\workspace\FRA-UAS\semester2\CompInt\CompInt-Project-T3\MATLAB\TObjects\T11\31.png,object3,0.01844907,2.00E-07,0.981550694,,,,,,,,
T11,C:\workspace\FRA-UAS\semester2\CompInt\CompInt-Project-T3\MATLAB\TObjects\T11\32.png,object1,0.678141117,0.000199422,0.321659446,,,,,,,,
T11,C:\workspace\FRA-UAS\semester2\CompInt\CompInt-Project-T3\MATLAB\TObjects\T11\33.png,object3,0.001375846,2.31E-07,0.998623967,,,,,,,,
T11,C:\workspace\FRA-UAS\semester2\CompInt\CompInt-Project-T3\MATLAB\TObjects\T11\34.png,object3,0.469558656,1.90E-05,0.53042233,,,,,,,,
T11,C:\workspace\FRA-UAS\semester2\CompInt\CompInt-Project-T3\MATLAB\TObjects\T11\35.png,object1,0.955495536,0.000487523,0.04401692,,,,,,,,
T11,C:\workspace\FRA-UAS\semester2\CompInt\CompInt-Project-T3\MATLAB\TObjects\T11\36.png,object1,0.832517087,6.30E-05,0.167419836,,,,,,,,
T11,C:\workspace\FRA-UAS\semester2\CompInt\CompInt-Project-T3\MATLAB\TObjects\T11\37.png,object1,0.996608257,0.001616043,0.001775778,,,,,,,,
T11,C:\workspace\FRA-UAS\semester2\CompInt\CompInt-Project-T3\MATLAB\TObjects\T11\38.png,object1,0.996234357,0.000144491,0.003621097,,,,,,,,
T11,C:\workspace\FRA-UAS\semester2\CompInt\CompInt-Project-T3\MATLAB\TObjects\T11\39.png,object1,0.983363032,3.90E-08,0.016636979,,,,,,,,
T11,C:\workspace\FRA-UAS\semester2\CompInt\CompInt-Project-T3\MATLAB\TObjects\T11\4.png,object1,0.533901393,3.25E-05,0.466066062,,,,,,,,
T11,C:\workspace\FRA-UAS\semester2\CompInt\CompInt-Project-T3\MATLAB\TObjects\T11\40.png,object1,0.999757111,1.00E-07,0.000242713,,,,,,,,
T11,C:\workspace\FRA-UAS\semester2\CompInt\CompInt-Project-T3\MATLAB\TObjects\T11\41.png,object1,0.585996211,0.000105617,0.413898259,,,,,,,,
T11,C:\workspace\FRA-UAS\semester2\CompInt\CompInt-Project-T3\MATLAB\TObjects\T11\42.png,object1,0.894548893,0.000143012,0.105308063,,,,,,,,
T11,C:\workspace\FRA-UAS\semester2\CompInt\CompInt-Project-T3\MATLAB\TObjects\T11\43.png,object1,0.574917078,5.63E-05,0.425026655,,,,,,,,
T11,C:\workspace\FRA-UAS\semester2\CompInt\CompInt-Project-T3\MATLAB\TObjects\T11\44.png,object3,0.251381844,5.51E-05,0.748562992,,,,,,,,
T11,C:\workspace\FRA-UAS\semester2\CompInt\CompInt-Project-T3\MATLAB\TObjects\T11\45.png,object1,0.878847599,1.03E-06,0.121151343,,,,,,,,
T11,C:\workspace\FRA-UAS\semester2\CompInt\CompInt-Project-T3\MATLAB\TObjects\T11\46.png,object1,0.992045283,3.02E-06,0.007951634,,,,,,,,
T11,C:\workspace\FRA-UAS\semester2\CompInt\CompInt-Project-T3\MATLAB\TObjects\T11\47.png,object1,0.974989176,5.63E-06,0.025005221,,,,,,,,
T11,C:\workspace\FRA-UAS\semester2\CompInt\CompInt-Project-T3\MATLAB\TObjects\T11\48.png,object1,0.63629508,2.27E-05,0.36368221,,,,,,,,
T11,C:\workspace\FRA-UAS\semester2\CompInt\CompInt-Project-T3\MATLAB\TObjects\T11\49.png,object1,0.782717407,8.15E-05,0.217201099,,,,,,,,
T11,C:\workspace\FRA-UAS\semester2\CompInt\CompInt-Project-T3\MATLAB\TObjects\T11\5.png,object1,0.514420629,0.000118217,0.485461086,,,,,,,,
T11,C:\workspace\FRA-UAS\semester2\CompInt\CompInt-Project-T3\MATLAB\TObjects\T11\50.png,object1,0.527302682,0.004117094,0.468580246,,,,,,,,
T11,C:\workspace\FRA-UAS\semester2\CompInt\CompInt-Project-T3\MATLAB\TObjects\T11\6.png,object1,0.505073905,0.000112975,0.494813174,,,,,,,,
T11,C:\workspace\FRA-UAS\semester2\CompInt\CompInt-Project-T3\MATLAB\TObjects\T11\7.png,object1,0.950693429,5.37E-05,0.049252816,,,,,,,,
T11,C:\workspace\FRA-UAS\semester2\CompInt\CompInt-Project-T3\MATLAB\TObjects\T11\8.png,object1,0.91555512,0.000560935,0.083883956,,,,,,,,
T11,C:\workspace\FRA-UAS\semester2\CompInt\CompInt-Project-T3\MATLAB\TObjects\T11\9.png,object1,0.516569674,1.97E-05,0.483410597,,,,,,,,
T12,C:\workspace\FRA-UAS\semester2\CompInt\CompInt-Project-T3\MATLAB\TObjects\T12\1.png,object2,0.006583628,0.993355155,6.13E-05,,,,,,,,
T12,C:\workspace\FRA-UAS\semester2\CompInt\CompInt-Project-T3\MATLAB\TObjects\T12\10.png,object2,0.005752924,0.994202077,4.50E-05,,,,,,,,
T12,C:\workspace\FRA-UAS\semester2\CompInt\CompInt-Project-T3\MATLAB\TObjects\T12\11.png,object2,0.007124317,0.99281764,5.81E-05,,,,,,,,
T12,C:\workspace\FRA-UAS\semester2\CompInt\CompInt-Project-T3\MATLAB\TObjects\T12\12.png,object2,0.004881931,0.995083094,3.49E-05,,,,,,,,
T12,C:\workspace\FRA-UAS\semester2\CompInt\CompInt-Project-T3\MATLAB\TObjects\T12\13.png,object2,0.002658762,0.997331142,1.01E-05,,,,,,,,
T12,C:\workspace\FRA-UAS\semester2\CompInt\CompInt-Project-T3\MATLAB\TObjects\T12\14.png,object2,0.002159605,0.997832477,7.87E-06,,,,,,,,
T12,C:\workspace\FRA-UAS\semester2\CompInt\CompInt-Project-T3\MATLAB\TObjects\T12\15.png,object2,0.016173365,0.983727455,9.91E-05,,,,,,,,
T12,C:\workspace\FRA-UAS\semester2\CompInt\CompInt-Project-T3\MATLAB\TObjects\T12\16.png,object2,0.003803431,0.996176839,1.98E-05,,,,,,,,
T12,C:\workspace\FRA-UAS\semester2\CompInt\CompInt-Project-T3\MATLAB\TObjects\T12\17.png,object2,0.01737451,0.982488871,0.000136569,,,,,,,,
T12,C:\workspace\FRA-UAS\semester2\CompInt\CompInt-Project-T3\MATLAB\TObjects\T12\18.png,object2,0.006772303,0.993180752,4.70E-05,,,,,,,,
T12,C:\workspace\FRA-UAS\semester2\CompInt\CompInt-Project-T3\MATLAB\TObjects\T12\19.png,object2,0.007259822,0.992676854,6.34E-05,,,,,,,,
T12,C:\workspace\FRA-UAS\semester2\CompInt\CompInt-Project-T3\MATLAB\TObjects\T12\2.png,object2,0.010844084,0.989004552,0.000151315,,,,,,,,
T12,C:\workspace\FRA-UAS\semester2\CompInt\CompInt-Project-T3\MATLAB\TObjects\T12\20.png,object2,0.002776125,0.997213304,1.06E-05,,,,,,,,
T12,C:\workspace\FRA-UAS\semester2\CompInt\CompInt-Project-T3\MATLAB\TObjects\T12\21.png,object2,0.002017883,0.997976124,6.01E-06,,,,,,,,
T12,C:\workspace\FRA-UAS\semester2\CompInt\CompInt-Project-T3\MATLAB\TObjects\T12\22.png,object2,0.006003208,0.993946493,5.03E-05,,,,,,,,
T12,C:\workspace\FRA-UAS\semester2\CompInt\CompInt-Project-T3\MATLAB\TObjects\T12\23.png,object2,0.004494701,0.995474756,3.05E-05,,,,,,,,
T12,C:\workspace\FRA-UAS\semester2\CompInt\CompInt-Project-T3\MATLAB\TObjects\T12\24.png,object2,0.006052565,0.993904531,4.29E-05,,,,,,,,
T12,C:\workspace\FRA-UAS\semester2\CompInt\CompInt-Project-T3\MATLAB\TObjects\T12\25.png,object2,0.006933201,0.993011534,5.53E-05,,,,,,,,
T12,C:\workspace\FRA-UAS\semester2\CompInt\CompInt-Project-T3\MATLAB\TObjects\T12\26.png,object2,0.005005135,0.994964361,3.06E-05,,,,,,,,
T12,C:\workspace\FRA-UAS\semester2\CompInt\CompInt-Project-T3\MATLAB\TObjects\T12\27.png,object2,0.00639181,0.993563414,4.48E-05,,,,,,,,
T12,C:\workspace\FRA-UAS\semester2\CompInt\CompInt-Project-T3\MATLAB\TObjects\T12\28.png,object2,0.005654942,0.994308293,3.68E-05,,,,,,,,
T12,C:\workspace\FRA-UAS\semester2\CompInt\CompInt-Project-T3\MATLAB\TObjects\T12\29.png,object2,0.005522117,0.99444145,3.64E-05,,,,,,,,
T12,C:\workspace\FRA-UAS\semester2\CompInt\CompInt-Project-T3\MATLAB\TObjects\T12\3.png,object2,0.006612615,0.993333638,5.38E-05,,,,,,,,
T12,C:\workspace\FRA-UAS\semester2\CompInt\CompInt-Project-T3\MATLAB\TObjects\T12\30.png,object2,0.009554709,0.990359783,8.55E-05,,,,,,,,
T12,C:\workspace\FRA-UAS\semester2\CompInt\CompInt-Project-T3\MATLAB\TObjects\T12\31.png,object2,0.004490355,0.99547857,3.11E-05,,,,,,,,
T12,C:\workspace\FRA-UAS\semester2\CompInt\CompInt-Project-T3\MATLAB\TObjects\T12\32.png,object2,0.023070775,0.97683084,9.84E-05,,,,,,,,
T12,C:\workspace\FRA-UAS\semester2\CompInt\CompInt-Project-T3\MATLAB\TObjects\T12\33.png,object2,0.006667049,0.993291259,4.17E-05,,,,,,,,
T12,C:\workspace\FRA-UAS\semester2\CompInt\CompInt-Project-T3\MATLAB\TObjects\T12\34.png,object2,0.004484142,0.995488226,2.76E-05,,,,,,,,
T12,C:\workspace\FRA-UAS\semester2\CompInt\CompInt-Project-T3\MATLAB\TObjects\T12\35.png,object2,0.005074393,0.994885147,4.04E-05,,,,,,,,
T12,C:\workspace\FRA-UAS\semester2\CompInt\CompInt-Project-T3\MATLAB\TObjects\T12\36.png,object2,0.006228182,0.99372673,4.50E-05,,,,,,,,
T12,C:\workspace\FRA-UAS\semester2\CompInt\CompInt-Project-T3\MATLAB\TObjects\T12\37.png,object2,0.00714736,0.992798328,5.43E-05,,,,,,,,
T12,C:\workspace\FRA-UAS\semester2\CompInt\CompInt-Project-T3\MATLAB\TObjects\T12\38.png,object2,0.006528281,0.993420184,5.15E-05,,,,,,,,
T12,C:\workspace\FRA-UAS\semester2\CompInt\CompInt-Project-T3\MATLAB\TObjects\T12\39.png,object2,0.007519419,0.992417693,6.29E-05,,,,,,,,
T12,C:\workspace\FRA-UAS\semester2\CompInt\CompInt-Project-T3\MATLAB\TObjects\T12\4.png,object2,0.008151251,0.991755724,9.31E-05,,,,,,,,
T12,C:\workspace\FRA-UAS\semester2\CompInt\CompInt-Project-T3\MATLAB\TObjects\T12\40.png,object2,0.005512721,0.994448543,3.87E-05,,,,,,,,
T12,C:\workspace\FRA-UAS\semester2\CompInt\CompInt-Project-T3\MATLAB\TObjects\T12\41.png,object2,0.007156815,0.992787182,5.60E-05,,,,,,,,
T12,C:\workspace\FRA-UAS\semester2\CompInt\CompInt-Project-T3\MATLAB\TObjects\T12\42.png,object2,0.006083742,0.993874609,4.17E-05,,,,,,,,
T12,C:\workspace\FRA-UAS\semester2\CompInt\CompInt-Project-T3\MATLAB\TObjects\T12\43.png,object2,0.007997873,0.991937697,6.44E-05,,,,,,,,
T12,C:\workspace\FRA-UAS\semester2\CompInt\CompInt-Project-T3\MATLAB\TObjects\T12\44.png,object2,0.005349992,0.994613707,3.63E-05,,,,,,,,
T12,C:\workspace\FRA-UAS\semester2\CompInt\CompInt-Project-T3\MATLAB\TObjects\T12\45.png,object2,0.006853352,0.993083715,6.29E-05,,,,,,,,
T12,C:\workspace\FRA-UAS\semester2\CompInt\CompInt-Project-T3\MATLAB\TObjects\T12\46.png,object2,0.006495212,0.993460894,4.38E-05,,,,,,,,
T12,C:\workspace\FRA-UAS\semester2\CompInt\CompInt-Project-T3\MATLAB\TObjects\T12\47.png,object2,0.007331384,0.992593944,7.46E-05,,,,,,,,
T12,C:\workspace\FRA-UAS\semester2\CompInt\CompInt-Project-T3\MATLAB\TObjects\T12\48.png,object2,0.005316447,0.994639337,4.43E-05,,,,,,,,
T12,C:\workspace\FRA-UAS\semester2\CompInt\CompInt-Project-T3\MATLAB\TObjects\T12\49.png,object2,0.010363771,0.989527345,0.000108916,,,,,,,,
T12,C:\workspace\FRA-UAS\semester2\CompInt\CompInt-Project-T3\MATLAB\TObjects\T12\5.png,object2,0.007310944,0.992628455,6.05E-05,,,,,,,,
T12,C:\workspace\FRA-UAS\semester2\CompInt\CompInt-Project-T3\MATLAB\TObjects\T12\50.png,object2,0.007285623,0.992645502,6.89E-05,,,,,,,,
T12,C:\workspace\FRA-UAS\semester2\CompInt\CompInt-Project-T3\MATLAB\TObjects\T12\6.png,object2,0.004750021,0.995212793,3.71E-05,,,,,,,,
T12,C:\workspace\FRA-UAS\semester2\CompInt\CompInt-Project-T3\MATLAB\TObjects\T12\7.png,object2,0.007376478,0.992552161,7.14E-05,,,,,,,,
T12,C:\workspace\FRA-UAS\semester2\CompInt\CompInt-Project-T3\MATLAB\TObjects\T12\8.png,object2,0.008482367,0.991441488,7.62E-05,,,,,,,,
T12,C:\workspace\FRA-UAS\semester2\CompInt\CompInt-Project-T3\MATLAB\TObjects\T12\9.png,object2,0.007022531,0.992917836,5.96E-05,,,,,,,,
T2,C:\workspace\FRA-UAS\semester2\CompInt\CompInt-Project-T3\MATLAB\TObjects\T2\1.png,object1,0.994947314,0.000545204,0.004507449,,,,,,,,
T2,C:\workspace\FRA-UAS\semester2\CompInt\CompInt-Project-T3\MATLAB\TObjects\T2\10.png,object1,0.997402608,0.000806438,0.001790836,,,,,,,,
T2,C:\workspace\FRA-UAS\semester2\CompInt\CompInt-Project-T3\MATLAB\TObjects\T2\11.png,object1,0.9951998,0.000654531,0.004145594,,,,,,,,
T2,C:\workspace\FRA-UAS\semester2\CompInt\CompInt-Project-T3\MATLAB\TObjects\T2\12.png,object1,0.985935688,0.000743094,0.013321326,,,,,,,,
T2,C:\workspace\FRA-UAS\semester2\CompInt\CompInt-Project-T3\MATLAB\TObjects\T2\13.png,object1,0.998034775,0.000403999,0.00156124,,,,,,,,
T2,C:\workspace\FRA-UAS\semester2\CompInt\CompInt-Project-T3\MATLAB\TObjects\T2\14.png,object1,0.998224795,0.001541202,0.000233939,,,,,,,,
T2,C:\workspace\FRA-UAS\semester2\CompInt\CompInt-Project-T3\MATLAB\TObjects\T2\15.png,object1,0.997386754,0.000654212,0.001959106,,,,,,,,
T2,C:\workspace\FRA-UAS\semester2\CompInt\CompInt-Project-T3\MATLAB\TObjects\T2\16.png,object1,0.995382249,0.001273372,0.003344364,,,,,,,,
T2,C:\workspace\FRA-UAS\semester2\CompInt\CompInt-Project-T3\MATLAB\TObjects\T2\17.png,object1,0.996470451,0.001138283,0.002391282,,,,,,,,
T2,C:\workspace\FRA-UAS\semester2\CompInt\CompInt-Project-T3\MATLAB\TObjects\T2\18.png,object1,0.995329022,0.000653423,0.004017619,,,,,,,,
T2,C:\workspace\FRA-UAS\semester2\CompInt\CompInt-Project-T3\MATLAB\TObjects\T2\19.png,object1,0.998159587,0.000329753,0.001510753,,,,,,,,
T2,C:\workspace\FRA-UAS\semester2\CompInt\CompInt-Project-T3\MATLAB\TObjects\T2\2.png,object1,0.985890031,0.000258856,0.013851002,,,,,,,,
T2,C:\workspace\FRA-UAS\semester2\CompInt\CompInt-Project-T3\MATLAB\TObjects\T2\20.png,object1,0.997556329,0.000770148,0.001673525,,,,,,,,
T2,C:\workspace\FRA-UAS\semester2\CompInt\CompInt-Project-T3\MATLAB\TObjects\T2\21.png,object1,0.997356296,0.000653041,0.001990626,,,,,,,,
T2,C:\workspace\FRA-UAS\semester2\CompInt\CompInt-Project-T3\MATLAB\TObjects\T2\22.png,object1,0.994467616,0.000400198,0.005132188,,,,,,,,
T2,C:\workspace\FRA-UAS\semester2\CompInt\CompInt-Project-T3\MATLAB\TObjects\T2\23.png,object1,0.996367931,0.000924635,0.002707391,,,,,,,,
T2,C:\workspace\FRA-UAS\semester2\CompInt\CompInt-Project-T3\MATLAB\TObjects\T2\24.png,object1,0.997778714,0.000935772,0.001285609,,,,,,,,
T2,C:\workspace\FRA-UAS\semester2\CompInt\CompInt-Project-T3\MATLAB\TObjects\T2\25.png,object1,0.991176248,0.008497547,0.000326283,,,,,,,,
T2,C:\workspace\FRA-UAS\semester2\CompInt\CompInt-Project-T3\MATLAB\TObjects\T2\26.png,object1,0.996137202,0.000350063,0.003512708,,,,,,,,
T2,C:\workspace\FRA-UAS\semester2\CompInt\CompInt-Project-T3\MATLAB\TObjects\T2\27.png,object1,0.994281888,0.001762511,0.003955663,,,,,,,,
T2,C:\workspace\FRA-UAS\semester2\CompInt\CompInt-Project-T3\MATLAB\TObjects\T2\28.png,object1,0.998032272,0.000519181,0.001448564,,,,,,,,
T2,C:\workspace\FRA-UAS\semester2\CompInt\CompInt-Project-T3\MATLAB\TObjects\T2\29.png,object1,0.992916226,0.000539348,0.006544419,,,,,,,,
T2,C:\workspace\FRA-UAS\semester2\CompInt\CompInt-Project-T3\MATLAB\TObjects\T2\3.png,object1,0.994290233,0.001030382,0.004679405,,,,,,,,
T2,C:\workspace\FRA-UAS\semester2\CompInt\CompInt-Project-T3\MATLAB\TObjects\T2\30.png,object1,0.99784863,0.000739641,0.001411673,,,,,,,,
T2,C:\workspace\FRA-UAS\semester2\CompInt\CompInt-Project-T3\MATLAB\TObjects\T2\31.png,object1,0.996696591,0.001028984,0.002274435,,,,,,,,
T2,C:\workspace\FRA-UAS\semester2\CompInt\CompInt-Project-T3\MATLAB\TObjects\T2\32.png,object1,0.997458994,0.000545957,0.001995175,,,,,,,,
T2,C:\workspace\FRA-UAS\semester2\CompInt\CompInt-Project-T3\MATLAB\TObjects\T2\33.png,object1,0.969806612,0.001421552,0.028771847,,,,,,,,
T2,C:\workspace\FRA-UAS\semester2\CompInt\CompInt-Project-T3\MATLAB\TObjects\T2\34.png,object1,0.997048914,0.000604213,0.002346799,,,,,,,,
T2,C:\workspace\FRA-UAS\semester2\CompInt\CompInt-Project-T3\MATLAB\TObjects\T2\35.png,object1,0.997827351,0.000503197,0.001669447,,,,,,,,
T2,C:\workspace\FRA-UAS\semester2\CompInt\CompInt-Project-T3\MATLAB\TObjects\T2\36.png,object1,0.997943819,0.000596535,0.001459741,,,,,,,,
T2,C:\workspace\FRA-UAS\semester2\CompInt\CompInt-Project-T3\MATLAB\TObjects\T2\37.png,object1,0.998200297,0.000608094,0.001191584,,,,,,,,
T2,C:\workspace\FRA-UAS\semester2\CompInt\CompInt-Project-T3\MATLAB\TObjects\T2\38.png,object1,0.996729136,0.000647193,0.002623683,,,,,,,,
T2,C:\workspace\FRA-UAS\semester2\CompInt\CompInt-Project-T3\MATLAB\TObjects\T2\39.png,object1,0.993428171,0.00274161,0.003830228,,,,,,,,
T2,C:\workspace\FRA-UAS\semester2\CompInt\CompInt-Project-T3\MATLAB\TObjects\T2\4.png,object1,0.997766495,0.000390278,0.001843207,,,,,,,,
T2,C:\workspace\FRA-UAS\semester2\CompInt\CompInt-Project-T3\MATLAB\TObjects\T2\40.png,object1,0.995026529,0.000800539,0.004172903,,,,,,,,
T2,C:\workspace\FRA-UAS\semester2\CompInt\CompInt-Project-T3\MATLAB\TObjects\T2\41.png,object1,0.996923745,0.000364757,0.002711504,,,,,,,,
T2,C:\workspace\FRA-UAS\semester2\CompInt\CompInt-Project-T3\MATLAB\TObjects\T2\42.png,object1,0.998366177,0.000321405,0.00131241,,,,,,,,
T2,C:\workspace\FRA-UAS\semester2\CompInt\CompInt-Project-T3\MATLAB\TObjects\T2\43.png,object1,0.992897034,0.000687482,0.006415521,,,,,,,,
T2,C:\workspace\FRA-UAS\semester2\CompInt\CompInt-Project-T3\MATLAB\TObjects\T2\44.png,object1,0.995655298,0.00143867,0.002906078,,,,,,,,
T2,C:\workspace\FRA-UAS\semester2\CompInt\CompInt-Project-T3\MATLAB\TObjects\T2\45.png,object1,0.988155842,0.001322879,0.010521341,,,,,,,,
T2,C:\workspace\FRA-UAS\semester2\CompInt\CompInt-Project-T3\MATLAB\TObjects\T2\46.png,object1,0.99826932,0.000391212,0.001339472,,,,,,,,
T2,C:\workspace\FRA-UAS\semester2\CompInt\CompInt-Project-T3\MATLAB\TObjects\T2\47.png,object1,0.915311277,0.00505626,0.079632536,,,,,,,,
T2,C:\workspace\FRA-UAS\semester2\CompInt\CompInt-Project-T3\MATLAB\TObjects\T2\48.png,object1,0.997463584,0.001053333,0.001483079,,,,,,,,
T2,C:\workspace\FRA-UAS\semester2\CompInt\CompInt-Project-T3\MATLAB\TObjects\T2\49.png,object1,0.997745931,0.000492742,0.001761243,,,,,,,,
T2,C:\workspace\FRA-UAS\semester2\CompInt\CompInt-Project-T3\MATLAB\TObjects\T2\5.png,object1,0.997026384,0.000691216,0.002282343,,,,,,,,
T2,C:\workspace\FRA-UAS\semester2\CompInt\CompInt-Project-T3\MATLAB\TObjects\T2\50.png,object1,0.998134494,0.000503544,0.00136198,,,,,,,,
T2,C:\workspace\FRA-UAS\semester2\CompInt\CompInt-Project-T3\MATLAB\TObjects\T2\6.png,object1,0.778794765,0.001709922,0.219495326,,,,,,,,
T2,C:\workspace\FRA-UAS\semester2\CompInt\CompInt-Project-T3\MATLAB\TObjects\T2\7.png,object1,0.994637668,0.000262552,0.005099812,,,,,,,,
T2,C:\workspace\FRA-UAS\semester2\CompInt\CompInt-Project-T3\MATLAB\TObjects\T2\8.png,object1,0.999474943,2.27E-05,0.000502415,,,,,,,,
T2,C:\workspace\FRA-UAS\semester2\CompInt\CompInt-Project-T3\MATLAB\TObjects\T2\9.png,object1,0.99836427,0.000518808,0.001116907,,,,,,,,
T3,C:\workspace\FRA-UAS\semester2\CompInt\CompInt-Project-T3\MATLAB\TObjects\T3\1.png,object1,0.519901812,0.480095834,2.34E-06,,,,,,,,
T3,C:\workspace\FRA-UAS\semester2\CompInt\CompInt-Project-T3\MATLAB\TObjects\T3\10.png,object1,0.508569062,0.491429448,1.49E-06,,,,,,,,
T3,C:\workspace\FRA-UAS\semester2\CompInt\CompInt-Project-T3\MATLAB\TObjects\T3\11.png,object1,0.990807712,0.009179593,1.28E-05,,,,,,,,
T3,C:\workspace\FRA-UAS\semester2\CompInt\CompInt-Project-T3\MATLAB\TObjects\T3\12.png,object1,0.509502411,0.490495861,1.79E-06,,,,,,,,
T3,C:\workspace\FRA-UAS\semester2\CompInt\CompInt-Project-T3\MATLAB\TObjects\T3\13.png,object1,0.54136318,0.45863536,1.48E-06,,,,,,,,
T3,C:\workspace\FRA-UAS\semester2\CompInt\CompInt-Project-T3\MATLAB\TObjects\T3\14.png,object1,0.949179173,0.050814826,6.03E-06,,,,,,,,
T3,C:\workspace\FRA-UAS\semester2\CompInt\CompInt-Project-T3\MATLAB\TObjects\T3\15.png,object1,0.970340729,0.029651999,7.24E-06,,,,,,,,
T3,C:\workspace\FRA-UAS\semester2\CompInt\CompInt-Project-T3\MATLAB\TObjects\T3\16.png,object1,0.596740484,0.403257042,2.42E-06,,,,,,,,
T3,C:\workspace\FRA-UAS\semester2\CompInt\CompInt-Project-T3\MATLAB\TObjects\T3\17.png,object1,0.796577752,0.20341818,4.05E-06,,,,,,,,
T3,C:\workspace\FRA-UAS\semester2\CompInt\CompInt-Project-T3\MATLAB\TObjects\T3\18.png,object1,0.50669235,0.49330619,1.48E-06,,,,,,,,
T3,C:\workspace\FRA-UAS\semester2\CompInt\CompInt-Project-T3\MATLAB\TObjects\T3\19.png,object1,0.612588525,0.387409389,2.11E-06,,,,,,,,
T3,C:\workspace\FRA-UAS\semester2\CompInt\CompInt-Project-T3\MATLAB\TObjects\T3\2.png,object1,0.576193452,0.423804671,1.91E-06,,,,,,,,
T3,C:\workspace\FRA-UAS\semester2\CompInt\CompInt-Project-T3\MATLAB\TObjects\T3\20.png,object2,0.456616223,0.543382466,1.30E-06,,,,,,,,
T3,C:\workspace\FRA-UAS\semester2\CompInt\CompInt-Project-T3\MATLAB\TObjects\T3\21.png,object1,0.639400542,0.360595882,3.61E-06,,,,,,,,
T3,C:\workspace\FRA-UAS\semester2\CompInt\CompInt-Project-T3\MATLAB\TObjects\T3\22.png,object1,0.510579228,0.489419669,1.11E-06,,,,,,,,
T3,C:\workspace\FRA-UAS\semester2\CompInt\CompInt-Project-T3\MATLAB\TObjects\T3\23.png,object1,0.559468806,0.44052735,3.78E-06,,,,,,,,
T3,C:\workspace\FRA-UAS\semester2\CompInt\CompInt-Project-T3\MATLAB\TObjects\T3\24.png,object1,0.615807652,0.384190708,1.65E-06,,,,,,,,
T3,C:\workspace\FRA-UAS\semester2\CompInt\CompInt-Project-T3\MATLAB\TObjects\T3\25.png,object1,0.52737391,0.472624481,1.57E-06,,,,,,,,
T3,C:\workspace\FRA-UAS\semester2\CompInt\CompInt-Project-T3\MATLAB\TObjects\T3\26.png,object1,0.595884562,0.404113203,2.22E-06,,,,,,,,
T3,C:\workspace\FRA-UAS\semester2\CompInt\CompInt-Project-T3\MATLAB\TObjects\T3\27.png,object1,0.575830221,0.424168259,1.51E-06,,,,,,,,
T3,C:\workspace\FRA-UAS\semester2\CompInt\CompInt-Project-T3\MATLAB\TObjects\T3\28.png,object1,0.592439651,0.407558352,1.96E-06,,,,,,,,
T3,C:\workspace\FRA-UAS\semester2\CompInt\CompInt-Project-T3\MATLAB\TObjects\T3\29.png,object2,0.474068403,0.525930226,1.38E-06,,,,,,,,
T3,C:\workspace\FRA-UAS\semester2\CompInt\CompInt-Project-T3\MATLAB\TObjects\T3\3.png,object1,0.807424426,0.192573786,1.76E-06,,,,,,,,
T3,C:\workspace\FRA-UAS\semester2\CompInt\CompInt-Project-T3\MATLAB\TObjects\T3\30.png,object1,0.635836542,0.36416164,1.79E-06,,,,,,,,
T3,C:\workspace\FRA-UAS\semester2\CompInt\CompInt-Project-T3\MATLAB\TObjects\T3\31.png,object1,0.607253909,0.392743945,2.15E-06,,,,,,,,
T3,C:\workspace\FRA-UAS\semester2\CompInt\CompInt-Project-T3\MATLAB\TObjects\T3\32.png,object1,0.999803126,0.000170112,2.68E-05,,,,,,,,
T3,C:\workspace\FRA-UAS\semester2\CompInt\CompInt-Project-T3\MATLAB\TObjects\T3\33.png,object2,0.447778612,0.552219212,2.19E-06,,,,,,,,
T3,C:\workspace\FRA-UAS\semester2\CompInt\CompInt-Project-T3\MATLAB\TObjects\T3\34.png,object2,0.433756769,0.566242039,1.19E-06,,,,,,,,
T3,C:\workspace\FRA-UAS\semester2\CompInt\CompInt-Project-T3\MATLAB\TObjects\T3\35.png,object2,0.465314656,0.534683585,1.77E-06,,,,,,,,
T3,C:\workspace\FRA-UAS\semester2\CompInt\CompInt-Project-T3\MATLAB\TObjects\T3\36.png,object1,0.587251902,0.412745208,2.86E-06,,,,,,,,
T3,C:\workspace\FRA-UAS\semester2\CompInt\CompInt-Project-T3\MATLAB\TObjects\T3\37.png,object2,0.498076558,0.501922488,1.04E-06,,,,,,,,
T3,C:\workspace\FRA-UAS\semester2\CompInt\CompInt-Project-T3\MATLAB\TObjects\T3\38.png,object2,0.438977182,0.561021745,1.03E-06,,,,,,,,
T3,C:\workspace\FRA-UAS\semester2\CompInt\CompInt-Project-T3\MATLAB\TObjects\T3\39.png,object1,0.63929677,0.360701293,1.96E-06,,,,,,,,
T3,C:\workspace\FRA-UAS\semester2\CompInt\CompInt-Project-T3\MATLAB\TObjects\T3\4.png,object1,0.607555091,0.39244312,1.82E-06,,,,,,,,
T3,C:\workspace\FRA-UAS\semester2\CompInt\CompInt-Project-T3\MATLAB\TObjects\T3\40.png,object1,0.55126375,0.448734969,1.30E-06,,,,,,,,
T3,C:\workspace\FRA-UAS\semester2\CompInt\CompInt-Project-T3\MATLAB\TObjects\T3\41.png,object1,0.566356003,0.433642656,1.33E-06,,,,,,,,
T3,C:\workspace\FRA-UAS\semester2\CompInt\CompInt-Project-T3\MATLAB\TObjects\T3\42.png,object1,0.731218219,0.268779546,2.15E-06,,,,,,,,
T3,C:\workspace\FRA-UAS\semester2\CompInt\CompInt-Project-T3\MATLAB\TObjects\T3\43.png,object1,0.631410599,0.368586928,2.45E-06,,,,,,,,
T3,C:\workspace\FRA-UAS\semester2\CompInt\CompInt-Project-T3\MATLAB\TObjects\T3\44.png,object1,0.554944038,0.445054203,1.82E-06,,,,,,,,
T3,C:\workspace\FRA-UAS\semester2\CompInt\CompInt-Project-T3\MATLAB\TObjects\T3\45.png,object1,0.509078443,0.490919679,1.81E-06,,,,,,,,
T3,C:\workspace\FRA-UAS\semester2\CompInt\CompInt-Project-T3\MATLAB\TObjects\T3\46.png,object2,0.479157209,0.520841479,1.32E-06,,,,,,,,
T3,C:\workspace\FRA-UAS\semester2\CompInt\CompInt-Project-T3\MATLAB\TObjects\T3\47.png,object1,0.648622155,0.351376742,1.13E-06,,,,,,,,
T3,C:\workspace\FRA-UAS\semester2\CompInt\CompInt-Project-T3\MATLAB\TObjects\T3\48.png,object1,0.65157038,0.348426908,2.65E-06,,,,,,,,
T3,C:\workspace\FRA-UAS\semester2\CompInt\CompInt-Project-T3\MATLAB\TObjects\T3\49.png,object1,0.572081089,0.427917451,1.53E-06,,,,,,,,
T3,C:\workspace\FRA-UAS\semester2\CompInt\CompInt-Project-T3\MATLAB\TObjects\T3\5.png,object1,0.519708872,0.480289489,1.68E-06,,,,,,,,
T3,C:\workspace\FRA-UAS\semester2\CompInt\CompInt-Project-T3\MATLAB\TObjects\T3\50.png,object1,0.660063326,0.339933068,3.64E-06,,,,,,,,
T3,C:\workspace\FRA-UAS\semester2\CompInt\CompInt-Project-T3\MATLAB\TObjects\T3\6.png,object1,0.612381697,0.387615919,2.42E-06,,,,,,,,
T3,C:\workspace\FRA-UAS\semester2\CompInt\CompInt-Project-T3\MATLAB\TObjects\T3\7.png,object1,0.955792665,0.044199683,7.58E-06,,,,,,,,
T3,C:\workspace\FRA-UAS\semester2\CompInt\CompInt-Project-T3\MATLAB\TObjects\T3\8.png,object1,0.572925448,0.427072734,1.80E-06,,,,,,,,
T3,C:\workspace\FRA-UAS\semester2\CompInt\CompInt-Project-T3\MATLAB\TObjects\T3\9.png,object1,0.961433589,0.038559757,6.64E-06,,,,,,,,
T4,C:\workspace\FRA-UAS\semester2\CompInt\CompInt-Project-T3\MATLAB\TObjects\T4\1.png,object1,0.579522133,0.420476198,1.68E-06,,,,,,,,
T4,C:\workspace\FRA-UAS\semester2\CompInt\CompInt-Project-T3\MATLAB\TObjects\T4\10.png,object2,0.494193912,0.505804837,1.29E-06,,,,,,,,
T4,C:\workspace\FRA-UAS\semester2\CompInt\CompInt-Project-T3\MATLAB\TObjects\T4\11.png,object1,0.570304155,0.429693282,2.61E-06,,,,,,,,
T4,C:\workspace\FRA-UAS\semester2\CompInt\CompInt-Project-T3\MATLAB\TObjects\T4\12.png,object1,0.636626184,0.363370597,3.16E-06,,,,,,,,
T4,C:\workspace\FRA-UAS\semester2\CompInt\CompInt-Project-T3\MATLAB\TObjects\T4\13.png,object1,0.9531703,0.046814915,1.48E-05,,,,,,,,
T4,C:\workspace\FRA-UAS\semester2\CompInt\CompInt-Project-T3\MATLAB\TObjects\T4\14.png,object1,0.555392742,0.444604963,2.32E-06,,,,,,,,
T4,C:\workspace\FRA-UAS\semester2\CompInt\CompInt-Project-T3\MATLAB\TObjects\T4\15.png,object1,0.629363418,0.370629847,6.76E-06,,,,,,,,
T4,C:\workspace\FRA-UAS\semester2\CompInt\CompInt-Project-T3\MATLAB\TObjects\T4\16.png,object2,0.497623712,0.502375126,1.14E-06,,,,,,,,
T4,C:\workspace\FRA-UAS\semester2\CompInt\CompInt-Project-T3\MATLAB\TObjects\T4\17.png,object1,0.546049237,0.453949183,1.61E-06,,,,,,,,
T4,C:\workspace\FRA-UAS\semester2\CompInt\CompInt-Project-T3\MATLAB\TObjects\T4\18.png,object1,0.541030169,0.458967805,2.02E-06,,,,,,,,
T4,C:\workspace\FRA-UAS\semester2\CompInt\CompInt-Project-T3\MATLAB\TObjects\T4\19.png,object1,0.749135196,0.250861496,3.31E-06,,,,,,,,
T4,C:\workspace\FRA-UAS\semester2\CompInt\CompInt-Project-T3\MATLAB\TObjects\T4\2.png,object1,0.562666774,0.437331527,1.66E-06,,,,,,,,
T4,C:\workspace\FRA-UAS\semester2\CompInt\CompInt-Project-T3\MATLAB\TObjects\T4\20.png,object1,0.55553025,0.44446829,1.55E-06,,,,,,,,
T4,C:\workspace\FRA-UAS\semester2\CompInt\CompInt-Project-T3\MATLAB\TObjects\T4\21.png,object1,0.75714761,0.242846742,5.68E-06,,,,,,,,
T4,C:\workspace\FRA-UAS\semester2\CompInt\CompInt-Project-T3\MATLAB\TObjects\T4\22.png,object1,0.563127935,0.436869681,2.42E-06,,,,,,,,
T4,C:\workspace\FRA-UAS\semester2\CompInt\CompInt-Project-T3\MATLAB\TObjects\T4\23.png,object1,0.520415306,0.479582936,1.70E-06,,,,,,,,
T4,C:\workspace\FRA-UAS\semester2\CompInt\CompInt-Project-T3\MATLAB\TObjects\T4\24.png,object2,0.436571866,0.56342715,9.43E-07,,,,,,,,
T4,C:\workspace\FRA-UAS\semester2\CompInt\CompInt-Project-T3\MATLAB\TObjects\T4\25.png,object1,0.980609596,0.019363945,2.64E-05,,,,,,,,
T4,C:\workspace\FRA-UAS\semester2\CompInt\CompInt-Project-T3\MATLAB\TObjects\T4\26.png,object1,0.679310918,0.320682168,6.86E-06,,,,,,,,
T4,C:\workspace\FRA-UAS\semester2\CompInt\CompInt-Project-T3\MATLAB\TObjects\T4\27.png,object2,0.415064692,0.584934413,8.70E-07,,,,,,,,
T4,C:\workspace\FRA-UAS\semester2\CompInt\CompInt-Project-T3\MATLAB\TObjects\T4\28.png,object1,0.530804574,0.469192326,3.12E-06,,,,,,,,
T4,C:\workspace\FRA-UAS\semester2\CompInt\CompInt-Project-T3\MATLAB\TObjects\T4\29.png,object1,0.551556528,0.448441386,2.08E-06,,,,,,,,
T4,C:\workspace\FRA-UAS\semester2\CompInt\CompInt-Project-T3\MATLAB\TObjects\T4\3.png,object1,0.537923753,0.462074876,1.35E-06,,,,,,,,
T4,C:\workspace\FRA-UAS\semester2\CompInt\CompInt-Project-T3\MATLAB\TObjects\T4\30.png,object1,0.628961861,0.371035486,2.62E-06,,,,,,,,
T4,C:\workspace\FRA-UAS\semester2\CompInt\CompInt-Project-T3\MATLAB\TObjects\T4\31.png,object1,0.530630112,0.469368607,1.34E-06,,,,,,,,
T4,C:\workspace\FRA-UAS\semester2\CompInt\CompInt-Project-T3\MATLAB\TObjects\T4\32.png,object1,0.562957168,0.437040746,2.17E-06,,,,,,,,
T4,C:\workspace\FRA-UAS\semester2\CompInt\CompInt-Project-T3\MATLAB\TObjects\T4\33.png,object1,0.595877945,0.404120058,1.90E-06,,,,,,,,
T4,C:\workspace\FRA-UAS\semester2\CompInt\CompInt-Project-T3\MATLAB\TObjects\T4\34.png,object1,0.665032566,0.33496201,5.39E-06,,,,,,,,
T4,C:\workspace\FRA-UAS\semester2\CompInt\CompInt-Project-T3\MATLAB\TObjects\T4\35.png,object1,0.545485377,0.454512835,1.78E-06,,,,,,,,
T4,C:\workspace\FRA-UAS\semester2\CompInt\CompInt-Project-T3\MATLAB\TObjects\T4\36.png,object1,0.987763941,0.01221813,1.80E-05,,,,,,,,
T4,C:\workspace\FRA-UAS\semester2\CompInt\CompInt-Project-T3\MATLAB\TObjects\T4\37.png,object1,0.55257374,0.447424084,2.20E-06,,,,,,,,
T4,C:\workspace\FRA-UAS\semester2\CompInt\CompInt-Project-T3\MATLAB\TObjects\T4\38.png,object1,0.973626018,0.026369255,4.80E-06,,,,,,,,
T4,C:\workspace\FRA-UAS\semester2\CompInt\CompInt-Project-T3\MATLAB\TObjects\T4\39.png,object1,0.595968962,0.404029399,1.66E-06,,,,,,,,
T4,C:\workspace\FRA-UAS\semester2\CompInt\CompInt-Project-T3\MATLAB\TObjects\T4\4.png,object1,0.501206875,0.498791456,1.76E-06,,,,,,,,
T4,C:\workspace\FRA-UAS\semester2\CompInt\CompInt-Project-T3\MATLAB\TObjects\T4\40.png,object1,0.723894656,0.276097804,7.47E-06,,,,,,,,
T4,C:\workspace\FRA-UAS\semester2\CompInt\CompInt-Project-T3\MATLAB\TObjects\T4\41.png,object2,0.397072703,0.602926254,1.08E-06,,,,,,,,
T4,C:\workspace\FRA-UAS\semester2\CompInt\CompInt-Project-T3\MATLAB\TObjects\T4\42.png,object1,0.550879896,0.449116766,3.36E-06,,,,,,,,
T4,C:\workspace\FRA-UAS\semester2\CompInt\CompInt-Project-T3\MATLAB\TObjects\T4\43.png,object2,0.444660962,0.555337965,1.05E-06,,,,,,,,
T4,C:\workspace\FRA-UAS\semester2\CompInt\CompInt-Project-T3\MATLAB\TObjects\T4\44.png,object1,0.633861363,0.366133362,5.32E-06,,,,,,,,
T4,C:\workspace\FRA-UAS\semester2\CompInt\CompInt-Project-T3\MATLAB\TObjects\T4\45.png,object1,0.595547438,0.404450417,2.14E-06,,,,,,,,
T4,C:\workspace\FRA-UAS\semester2\CompInt\CompInt-Project-T3\MATLAB\TObjects\T4\46.png,object1,0.564002514,0.435995728,1.73E-06,,,,,,,,
T4,C:\workspace\FRA-UAS\semester2\CompInt\CompInt-Project-T3\MATLAB\TObjects\T4\47.png,object1,0.59836185,0.401636869,1.30E-06,,,,,,,,
T4,C:\workspace\FRA-UAS\semester2\CompInt\CompInt-Project-T3\MATLAB\TObjects\T4\48.png,object1,0.63450861,0.365489513,1.89E-06,,,,,,,,
T4,C:\workspace\FRA-UAS\semester2\CompInt\CompInt-Project-T3\MATLAB\TObjects\T4\49.png,object1,0.575737953,0.424260288,1.76E-06,,,,,,,,
T4,C:\workspace\FRA-UAS\semester2\CompInt\CompInt-Project-T3\MATLAB\TObjects\T4\5.png,object1,0.566912055,0.433084369,3.50E-06,,,,,,,,
T4,C:\workspace\FRA-UAS\semester2\CompInt\CompInt-Project-T3\MATLAB\TObjects\T4\50.png,object1,0.831980884,0.168016821,2.25E-06,,,,,,,,
T4,C:\workspace\FRA-UAS\semester2\CompInt\CompInt-Project-T3\MATLAB\TObjects\T4\6.png,object1,0.54392314,0.456071913,5.02E-06,,,,,,,,
T4,C:\workspace\FRA-UAS\semester2\CompInt\CompInt-Project-T3\MATLAB\TObjects\T4\7.png,object1,0.967489362,0.032500248,1.04E-05,,,,,,,,
T4,C:\workspace\FRA-UAS\semester2\CompInt\CompInt-Project-T3\MATLAB\TObjects\T4\8.png,object1,0.570616305,0.429381251,2.47E-06,,,,,,,,
T4,C:\workspace\FRA-UAS\semester2\CompInt\CompInt-Project-T3\MATLAB\TObjects\T4\9.png,object1,0.598827422,0.401170254,2.26E-06,,,,,,,,
T5,C:\workspace\FRA-UAS\semester2\CompInt\CompInt-Project-T3\MATLAB\TObjects\T5\1.png,object1,0.579522133,0.420476198,1.68E-06,,,,,,,,
T5,C:\workspace\FRA-UAS\semester2\CompInt\CompInt-Project-T3\MATLAB\TObjects\T5\10.png,object2,0.494193912,0.505804837,1.29E-06,,,,,,,,
T5,C:\workspace\FRA-UAS\semester2\CompInt\CompInt-Project-T3\MATLAB\TObjects\T5\11.png,object1,0.570304155,0.429693282,2.61E-06,,,,,,,,
T5,C:\workspace\FRA-UAS\semester2\CompInt\CompInt-Project-T3\MATLAB\TObjects\T5\12.png,object1,0.636626184,0.363370597,3.16E-06,,,,,,,,
T5,C:\workspace\FRA-UAS\semester2\CompInt\CompInt-Project-T3\MATLAB\TObjects\T5\13.png,object1,0.9531703,0.046814915,1.48E-05,,,,,,,,
T5,C:\workspace\FRA-UAS\semester2\CompInt\CompInt-Project-T3\MATLAB\TObjects\T5\14.png,object1,0.555392742,0.444604963,2.32E-06,,,,,,,,
T5,C:\workspace\FRA-UAS\semester2\CompInt\CompInt-Project-T3\MATLAB\TObjects\T5\15.png,object1,0.629363418,0.370629847,6.76E-06,,,,,,,,
T5,C:\workspace\FRA-UAS\semester2\CompInt\CompInt-Project-T3\MATLAB\TObjects\T5\16.png,object2,0.497623712,0.502375126,1.14E-06,,,,,,,,
T5,C:\workspace\FRA-UAS\semester2\CompInt\CompInt-Project-T3\MATLAB\TObjects\T5\17.png,object1,0.546049237,0.453949183,1.61E-06,,,,,,,,
T5,C:\workspace\FRA-UAS\semester2\CompInt\CompInt-Project-T3\MATLAB\TObjects\T5\18.png,object1,0.541030169,0.458967805,2.02E-06,,,,,,,,
T5,C:\workspace\FRA-UAS\semester2\CompInt\CompInt-Project-T3\MATLAB\TObjects\T5\19.png,object1,0.749135196,0.250861496,3.31E-06,,,,,,,,
T5,C:\workspace\FRA-UAS\semester2\CompInt\CompInt-Project-T3\MATLAB\TObjects\T5\2.png,object1,0.562666774,0.437331527,1.66E-06,,,,,,,,
T5,C:\workspace\FRA-UAS\semester2\CompInt\CompInt-Project-T3\MATLAB\TObjects\T5\20.png,object1,0.55553025,0.44446829,1.55E-06,,,,,,,,
T5,C:\workspace\FRA-UAS\semester2\CompInt\CompInt-Project-T3\MATLAB\TObjects\T5\21.png,object1,0.75714761,0.242846742,5.68E-06,,,,,,,,
T5,C:\workspace\FRA-UAS\semester2\CompInt\CompInt-Project-T3\MATLAB\TObjects\T5\22.png,object1,0.563127935,0.436869681,2.42E-06,,,,,,,,
T5,C:\workspace\FRA-UAS\semester2\CompInt\CompInt-Project-T3\MATLAB\TObjects\T5\23.png,object1,0.520415306,0.479582936,1.70E-06,,,,,,,,
T5,C:\workspace\FRA-UAS\semester2\CompInt\CompInt-Project-T3\MATLAB\TObjects\T5\24.png,object2,0.436571866,0.56342715,9.43E-07,,,,,,,,
T5,C:\workspace\FRA-UAS\semester2\CompInt\CompInt-Project-T3\MATLAB\TObjects\T5\25.png,object1,0.980609596,0.019363945,2.64E-05,,,,,,,,
T5,C:\workspace\FRA-UAS\semester2\CompInt\CompInt-Project-T3\MATLAB\TObjects\T5\26.png,object1,0.679310918,0.320682168,6.86E-06,,,,,,,,
T5,C:\workspace\FRA-UAS\semester2\CompInt\CompInt-Project-T3\MATLAB\TObjects\T5\27.png,object2,0.415064692,0.584934413,8.70E-07,,,,,,,,
T5,C:\workspace\FRA-UAS\semester2\CompInt\CompInt-Project-T3\MATLAB\TObjects\T5\28.png,object1,0.530804574,0.469192326,3.12E-06,,,,,,,,
T5,C:\workspace\FRA-UAS\semester2\CompInt\CompInt-Project-T3\MATLAB\TObjects\T5\29.png,object1,0.551556528,0.448441386,2.08E-06,,,,,,,,
T5,C:\workspace\FRA-UAS\semester2\CompInt\CompInt-Project-T3\MATLAB\TObjects\T5\3.png,object1,0.537923753,0.462074876,1.35E-06,,,,,,,,
T5,C:\workspace\FRA-UAS\semester2\CompInt\CompInt-Project-T3\MATLAB\TObjects\T5\30.png,object1,0.628961861,0.371035486,2.62E-06,,,,,,,,
T5,C:\workspace\FRA-UAS\semester2\CompInt\CompInt-Project-T3\MATLAB\TObjects\T5\31.png,object1,0.530630112,0.469368607,1.34E-06,,,,,,,,
T5,C:\workspace\FRA-UAS\semester2\CompInt\CompInt-Project-T3\MATLAB\TObjects\T5\32.png,object1,0.562957168,0.437040746,2.17E-06,,,,,,,,
T5,C:\workspace\FRA-UAS\semester2\CompInt\CompInt-Project-T3\MATLAB\TObjects\T5\33.png,object1,0.595877945,0.404120058,1.90E-06,,,,,,,,
T5,C:\workspace\FRA-UAS\semester2\CompInt\CompInt-Project-T3\MATLAB\TObjects\T5\34.png,object1,0.665032566,0.33496201,5.39E-06,,,,,,,,
T5,C:\workspace\FRA-UAS\semester2\CompInt\CompInt-Project-T3\MATLAB\TObjects\T5\35.png,object1,0.545485377,0.454512835,1.78E-06,,,,,,,,
T5,C:\workspace\FRA-UAS\semester2\CompInt\CompInt-Project-T3\MATLAB\TObjects\T5\36.png,object1,0.987763941,0.01221813,1.80E-05,,,,,,,,
T5,C:\workspace\FRA-UAS\semester2\CompInt\CompInt-Project-T3\MATLAB\TObjects\T5\37.png,object1,0.55257374,0.447424084,2.20E-06,,,,,,,,
T5,C:\workspace\FRA-UAS\semester2\CompInt\CompInt-Project-T3\MATLAB\TObjects\T5\38.png,object1,0.973626018,0.026369255,4.80E-06,,,,,,,,
T5,C:\workspace\FRA-UAS\semester2\CompInt\CompInt-Project-T3\MATLAB\TObjects\T5\39.png,object1,0.595968962,0.404029399,1.66E-06,,,,,,,,
T5,C:\workspace\FRA-UAS\semester2\CompInt\CompInt-Project-T3\MATLAB\TObjects\T5\4.png,object1,0.501206875,0.498791456,1.76E-06,,,,,,,,
T5,C:\workspace\FRA-UAS\semester2\CompInt\CompInt-Project-T3\MATLAB\TObjects\T5\40.png,object1,0.723894656,0.276097804,7.47E-06,,,,,,,,
T5,C:\workspace\FRA-UAS\semester2\CompInt\CompInt-Project-T3\MATLAB\TObjects\T5\41.png,object2,0.397072703,0.602926254,1.08E-06,,,,,,,,
T5,C:\workspace\FRA-UAS\semester2\CompInt\CompInt-Project-T3\MATLAB\TObjects\T5\42.png,object1,0.550879896,0.449116766,3.36E-06,,,,,,,,
T5,C:\workspace\FRA-UAS\semester2\CompInt\CompInt-Project-T3\MATLAB\TObjects\T5\43.png,object2,0.444660962,0.555337965,1.05E-06,,,,,,,,
T5,C:\workspace\FRA-UAS\semester2\CompInt\CompInt-Project-T3\MATLAB\TObjects\T5\44.png,object1,0.633861363,0.366133362,5.32E-06,,,,,,,,
T5,C:\workspace\FRA-UAS\semester2\CompInt\CompInt-Project-T3\MATLAB\TObjects\T5\45.png,object1,0.595547438,0.404450417,2.14E-06,,,,,,,,
T5,C:\workspace\FRA-UAS\semester2\CompInt\CompInt-Project-T3\MATLAB\TObjects\T5\46.png,object1,0.564002514,0.435995728,1.73E-06,,,,,,,,
T5,C:\workspace\FRA-UAS\semester2\CompInt\CompInt-Project-T3\MATLAB\TObjects\T5\47.png,object1,0.59836185,0.401636869,1.30E-06,,,,,,,,
T5,C:\workspace\FRA-UAS\semester2\CompInt\CompInt-Project-T3\MATLAB\TObjects\T5\48.png,object1,0.63450861,0.365489513,1.89E-06,,,,,,,,
T5,C:\workspace\FRA-UAS\semester2\CompInt\CompInt-Project-T3\MATLAB\TObjects\T5\49.png,object1,0.575737953,0.424260288,1.76E-06,,,,,,,,
T5,C:\workspace\FRA-UAS\semester2\CompInt\CompInt-Project-T3\MATLAB\TObjects\T5\5.png,object1,0.566912055,0.433084369,3.50E-06,,,,,,,,
T5,C:\workspace\FRA-UAS\semester2\CompInt\CompInt-Project-T3\MATLAB\TObjects\T5\50.png,object1,0.831980884,0.168016821,2.25E-06,,,,,,,,
T5,C:\workspace\FRA-UAS\semester2\CompInt\CompInt-Project-T3\MATLAB\TObjects\T5\6.png,object1,0.54392314,0.456071913,5.02E-06,,,,,,,,
T5,C:\workspace\FRA-UAS\semester2\CompInt\CompInt-Project-T3\MATLAB\TObjects\T5\7.png,object1,0.967489362,0.032500248,1.04E-05,,,,,,,,
T5,C:\workspace\FRA-UAS\semester2\CompInt\CompInt-Project-T3\MATLAB\TObjects\T5\8.png,object1,0.570616305,0.429381251,2.47E-06,,,,,,,,
T5,C:\workspace\FRA-UAS\semester2\CompInt\CompInt-Project-T3\MATLAB\TObjects\T5\9.png,object1,0.598827422,0.401170254,2.26E-06,,,,,,,,
T6,C:\workspace\FRA-UAS\semester2\CompInt\CompInt-Project-T3\MATLAB\TObjects\T6\1.png,object3,0.075523205,0.000134394,0.924342334,,,,,,,,
T6,C:\workspace\FRA-UAS\semester2\CompInt\CompInt-Project-T3\MATLAB\TObjects\T6\10.png,object3,0.039618786,4.26E-05,0.960338652,,,,,,,,
T6,C:\workspace\FRA-UAS\semester2\CompInt\CompInt-Project-T3\MATLAB\TObjects\T6\11.png,object3,0.039109666,4.69E-05,0.960843444,,,,,,,,
T6,C:\workspace\FRA-UAS\semester2\CompInt\CompInt-Project-T3\MATLAB\TObjects\T6\12.png,object3,0.004897153,4.99E-07,0.995102406,,,,,,,,
T6,C:\workspace\FRA-UAS\semester2\CompInt\CompInt-Project-T3\MATLAB\TObjects\T6\13.png,object3,0.16956602,4.99E-05,0.830384076,,,,,,,,
T6,C:\workspace\FRA-UAS\semester2\CompInt\CompInt-Project-T3\MATLAB\TObjects\T6\14.png,object1,0.859051943,2.02E-06,0.140946046,,,,,,,,
T6,C:\workspace\FRA-UAS\semester2\CompInt\CompInt-Project-T3\MATLAB\TObjects\T6\15.png,object3,0.101826437,6.92E-05,0.89810437,,,,,,,,
T6,C:\workspace\FRA-UAS\semester2\CompInt\CompInt-Project-T3\MATLAB\TObjects\T6\16.png,object3,0.311384022,0.000107427,0.68850857,,,,,,,,
T6,C:\workspace\FRA-UAS\semester2\CompInt\CompInt-Project-T3\MATLAB\TObjects\T6\17.png,object3,0.04833724,4.95E-05,0.951613247,,,,,,,,
T6,C:\workspace\FRA-UAS\semester2\CompInt\CompInt-Project-T3\MATLAB\TObjects\T6\18.png,object3,0.4666664,0.000249879,0.533083677,,,,,,,,
T6,C:\workspace\FRA-UAS\semester2\CompInt\CompInt-Project-T3\MATLAB\TObjects\T6\19.png,object3,0.018752016,2.09E-05,0.98122704,,,,,,,,
T6,C:\workspace\FRA-UAS\semester2\CompInt\CompInt-Project-T3\MATLAB\TObjects\T6\2.png,object3,0.034120329,4.79E-05,0.965831757,,,,,,,,
T6,C:\workspace\FRA-UAS\semester2\CompInt\CompInt-Project-T3\MATLAB\TObjects\T6\20.png,object3,0.014952198,1.23E-05,0.985035539,,,,,,,,
T6,C:\workspace\FRA-UAS\semester2\CompInt\CompInt-Project-T3\MATLAB\TObjects\T6\21.png,object3,0.193941459,0.000167085,0.805891454,,,,,,,,
T6,C:\workspace\FRA-UAS\semester2\CompInt\CompInt-Project-T3\MATLAB\TObjects\T6\22.png,object3,0.032293834,2.27E-05,0.967683494,,,,,,,,
T6,C:\workspace\FRA-UAS\semester2\CompInt\CompInt-Project-T3\MATLAB\TObjects\T6\23.png,object3,0.05265085,6.53E-05,0.947283864,,,,,,,,
T6,C:\workspace\FRA-UAS\semester2\CompInt\CompInt-Project-T3\MATLAB\TObjects\T6\24.png,object3,0.041943341,5.58E-05,0.958000958,,,,,,,,
T6,C:\workspace\FRA-UAS\semester2\CompInt\CompInt-Project-T3\MATLAB\TObjects\T6\25.png,object1,0.859003901,1.74E-05,0.140978694,,,,,,,,
T6,C:\workspace\FRA-UAS\semester2\CompInt\CompInt-Project-T3\MATLAB\TObjects\T6\26.png,object1,0.784814477,0.000405692,0.214779869,,,,,,,,
T6,C:\workspace\FRA-UAS\semester2\CompInt\CompInt-Project-T3\MATLAB\TObjects\T6\27.png,object3,0.066969588,3.57E-05,0.932994723,,,,,,,,
T6,C:\workspace\FRA-UAS\semester2\CompInt\CompInt-Project-T3\MATLAB\TObjects\T6\28.png,object3,0.048835244,9.31E-05,0.95107168,,,,,,,,
T6,C:\workspace\FRA-UAS\semester2\CompInt\CompInt-Project-T3\MATLAB\TObjects\T6\29.png,object3,0.356410235,4.51E-05,0.643544614,,,,,,,,
T6,C:\workspace\FRA-UAS\semester2\CompInt\CompInt-Project-T3\MATLAB\TObjects\T6\3.png,object3,0.02779818,2.99E-05,0.972171903,,,,,,,,
T6,C:\workspace\FRA-UAS\semester2\CompInt\CompInt-Project-T3\MATLAB\TObjects\T6\30.png,object3,0.048563253,5.55E-05,0.951381207,,,,,,,,
T6,C:\workspace\FRA-UAS\semester2\CompInt\CompInt-Project-T3\MATLAB\TObjects\T6\31.png,object3,0.116452783,8.52E-05,0.883462012,,,,,,,,
T6,C:\workspace\FRA-UAS\semester2\CompInt\CompInt-Project-T3\MATLAB\TObjects\T6\32.png,object3,0.237618387,5.40E-07,0.762381017,,,,,,,,
T6,C:\workspace\FRA-UAS\semester2\CompInt\CompInt-Project-T3\MATLAB\TObjects\T6\33.png,object3,0.042959921,6.99E-06,0.957033157,,,,,,,,
T6,C:\workspace\FRA-UAS\semester2\CompInt\CompInt-Project-T3\MATLAB\TObjects\T6\34.png,object3,0.075047106,0.000484289,0.924468637,,,,,,,,
T6,C:\workspace\FRA-UAS\semester2\CompInt\CompInt-Project-T3\MATLAB\TObjects\T6\35.png,object3,0.013203189,3.75E-06,0.986793041,,,,,,,,
T6,C:\workspace\FRA-UAS\semester2\CompInt\CompInt-Project-T3\MATLAB\TObjects\T6\36.png,object3,0.024175001,4.85E-06,0.975820065,,,,,,,,
T6,C:\workspace\FRA-UAS\semester2\CompInt\CompInt-Project-T3\MATLAB\TObjects\T6\37.png,object3,0.497681081,4.20E-05,0.502276957,,,,,,,,
T6,C:\workspace\FRA-UAS\semester2\CompInt\CompInt-Project-T3\MATLAB\TObjects\T6\38.png,object3,0.076988041,3.14E-05,0.922980487,,,,,,,,
T6,C:\workspace\FRA-UAS\semester2\CompInt\CompInt-Project-T3\MATLAB\TObjects\T6\39.png,object1,0.961534083,1.03E-06,0.038464867,,,,,,,,
T6,C:\workspace\FRA-UAS\semester2\CompInt\CompInt-Project-T3\MATLAB\TObjects\T6\4.png,object3,0.029248551,2.94E-05,0.97072202,,,,,,,,
T6,C:\workspace\FRA-UAS\semester2\CompInt\CompInt-Project-T3\MATLAB\TObjects\T6\40.png,object3,0.096317418,6.84E-05,0.903614163,,,,,,,,
T6,C:\workspace\FRA-UAS\semester2\CompInt\CompInt-Project-T3\MATLAB\TObjects\T6\41.png,object3,0.384815544,0.000399239,0.614785135,,,,,,,,
T6,C:\workspace\FRA-UAS\semester2\CompInt\CompInt-Project-T3\MATLAB\TObjects\T6\42.png,object1,0.769617796,8.49E-07,0.23038137,,,,,,,,
T6,C:\workspace\FRA-UAS\semester2\CompInt\CompInt-Project-T3\MATLAB\TObjects\T6\43.png,object3,0.058702063,1.60E-05,0.941281974,,,,,,,,
T6,C:\workspace\FRA-UAS\semester2\CompInt\CompInt-Project-T3\MATLAB\TObjects\T6\44.png,object3,0.186514601,3.43E-05,0.813451171,,,,,,,,
T6,C:\workspace\FRA-UAS\semester2\CompInt\CompInt-Project-T3\MATLAB\TObjects\T6\45.png,object3,0.068643481,2.18E-05,0.931334615,,,,,,,,
T6,C:\workspace\FRA-UAS\semester2\CompInt\CompInt-Project-T3\MATLAB\TObjects\T6\46.png,object3,0.019280298,6.93E-06,0.980712771,,,,,,,,
T6,C:\workspace\FRA-UAS\semester2\CompInt\CompInt-Project-T3\MATLAB\TObjects\T6\47.png,object3,0.213177145,9.17E-05,0.786731124,,,,,,,,
T6,C:\workspace\FRA-UAS\semester2\CompInt\CompInt-Project-T3\MATLAB\TObjects\T6\48.png,object3,0.044594578,4.33E-05,0.955362141,,,,,,,,
T6,C:\workspace\FRA-UAS\semester2\CompInt\CompInt-Project-T3\MATLAB\TObjects\T6\49.png,object3,0.040082868,3.01E-07,0.95991677,,,,,,,,
T6,C:\workspace\FRA-UAS\semester2\CompInt\CompInt-Project-T3\MATLAB\TObjects\T6\5.png,object3,0.025225125,1.06E-05,0.974764168,,,,,,,,
T6,C:\workspace\FRA-UAS\semester2\CompInt\CompInt-Project-T3\MATLAB\TObjects\T6\50.png,object3,0.006898851,6.70E-06,0.993094444,,,,,,,,
T6,C:\workspace\FRA-UAS\semester2\CompInt\CompInt-Project-T3\MATLAB\TObjects\T6\6.png,object3,0.013907658,5.02E-05,0.986042202,,,,,,,,
T6,C:\workspace\FRA-UAS\semester2\CompInt\CompInt-Project-T3\MATLAB\TObjects\T6\7.png,object3,0.350456327,1.14E-05,0.649532199,,,,,,,,
T6,C:\workspace\FRA-UAS\semester2\CompInt\CompInt-Project-T3\MATLAB\TObjects\T6\8.png,object1,0.945359945,3.41E-06,0.054636665,,,,,,,,
T6,C:\workspace\FRA-UAS\semester2\CompInt\CompInt-Project-T3\MATLAB\TObjects\T6\9.png,object3,0.256591052,1.51E-05,0.743393958,,,,,,,,
T7,C:\workspace\FRA-UAS\semester2\CompInt\CompInt-Project-T3\MATLAB\TObjects\T7\1.png,object1,0.999922872,1.82E-06,7.54E-05,,,,,,,,
T7,C:\workspace\FRA-UAS\semester2\CompInt\CompInt-Project-T3\MATLAB\TObjects\T7\10.png,object1,0.861595452,1.19E-06,0.138403267,,,,,,,,
T7,C:\workspace\FRA-UAS\semester2\CompInt\CompInt-Project-T3\MATLAB\TObjects\T7\11.png,object1,0.738868713,0.000304523,0.260826796,,,,,,,,
T7,C:\workspace\FRA-UAS\semester2\CompInt\CompInt-Project-T3\MATLAB\TObjects\T7\12.png,object3,0.07259699,1.18E-05,0.927391112,,,,,,,,
T7,C:\workspace\FRA-UAS\semester2\CompInt\CompInt-Project-T3\MATLAB\TObjects\T7\13.png,object1,0.785945237,4.23E-06,0.214050516,,,,,,,,
T7,C:\workspace\FRA-UAS\semester2\CompInt\CompInt-Project-T3\MATLAB\TObjects\T7\14.png,object3,0.423344851,2.66E-05,0.576628566,,,,,,,,
T7,C:\workspace\FRA-UAS\semester2\CompInt\CompInt-Project-T3\MATLAB\TObjects\T7\15.png,object1,0.990010679,2.13E-07,0.009989026,,,,,,,,
T7,C:\workspace\FRA-UAS\semester2\CompInt\CompInt-Project-T3\MATLAB\TObjects\T7\16.png,object1,0.991887271,6.86E-06,0.00810588,,,,,,,,
T7,C:\workspace\FRA-UAS\semester2\CompInt\CompInt-Project-T3\MATLAB\TObjects\T7\17.png,object1,0.577748895,3.88E-05,0.422212392,,,,,,,,
T7,C:\workspace\FRA-UAS\semester2\CompInt\CompInt-Project-T3\MATLAB\TObjects\T7\18.png,object1,0.506671011,7.76E-06,0.493321151,,,,,,,,
T7,C:\workspace\FRA-UAS\semester2\CompInt\CompInt-Project-T3\MATLAB\TObjects\T7\19.png,object1,0.775058746,5.31E-05,0.224888161,,,,,,,,
T7,C:\workspace\FRA-UAS\semester2\CompInt\CompInt-Project-T3\MATLAB\TObjects\T7\2.png,object1,0.999953628,2.46E-07,4.61E-05,,,,,,,,
T7,C:\workspace\FRA-UAS\semester2\CompInt\CompInt-Project-T3\MATLAB\TObjects\T7\20.png,object3,0.428539664,0.000137632,0.57132268,,,,,,,,
T7,C:\workspace\FRA-UAS\semester2\CompInt\CompInt-Project-T3\MATLAB\TObjects\T7\21.png,object1,0.659225821,6.74E-05,0.340706825,,,,,,,,
T7,C:\workspace\FRA-UAS\semester2\CompInt\CompInt-Project-T3\MATLAB\TObjects\T7\22.png,object3,0.293184131,0.000149466,0.70666641,,,,,,,,
T7,C:\workspace\FRA-UAS\semester2\CompInt\CompInt-Project-T3\MATLAB\TObjects\T7\23.png,object3,0.034438271,5.85E-07,0.965561152,,,,,,,,
T7,C:\workspace\FRA-UAS\semester2\CompInt\CompInt-Project-T3\MATLAB\TObjects\T7\24.png,object3,0.135040358,7.14E-06,0.864952505,,,,,,,,
T7,C:\workspace\FRA-UAS\semester2\CompInt\CompInt-Project-T3\MATLAB\TObjects\T7\25.png,object1,0.699131668,5.45E-07,0.300867766,,,,,,,,
T7,C:\workspace\FRA-UAS\semester2\CompInt\CompInt-Project-T3\MATLAB\TObjects\T7\26.png,object1,0.835755467,3.33E-05,0.164211303,,,,,,,,
T7,C:\workspace\FRA-UAS\semester2\CompInt\CompInt-Project-T3\MATLAB\TObjects\T7\27.png,object1,0.999997973,3.18E-09,2.01E-06,,,,,,,,
T7,C:\workspace\FRA-UAS\semester2\CompInt\CompInt-Project-T3\MATLAB\TObjects\T7\28.png,object1,0.557684898,0.000274102,0.44204095,,,,,,,,
T7,C:\workspace\FRA-UAS\semester2\CompInt\CompInt-Project-T3\MATLAB\TObjects\T7\29.png,object1,0.988610268,6.98E-07,0.011389029,,,,,,,,
T7,C:\workspace\FRA-UAS\semester2\CompInt\CompInt-Project-T3\MATLAB\TObjects\T7\3.png,object1,0.9998734,2.53E-07,0.000126305,,,,,,,,
T7,C:\workspace\FRA-UAS\semester2\CompInt\CompInt-Project-T3\MATLAB\TObjects\T7\30.png,object3,0.180420145,1.45E-05,0.819565356,,,,,,,,
T7,C:\workspace\FRA-UAS\semester2\CompInt\CompInt-Project-T3\MATLAB\TObjects\T7\31.png,object3,0.010578246,4.69E-07,0.989421248,,,,,,,,
T7,C:\workspace\FRA-UAS\semester2\CompInt\CompInt-Project-T3\MATLAB\TObjects\T7\32.png,object3,0.114229977,3.73E-05,0.88573283,,,,,,,,
T7,C:\workspace\FRA-UAS\semester2\CompInt\CompInt-Project-T3\MATLAB\TObjects\T7\33.png,object3,0.370791107,6.32E-06,0.629202545,,,,,,,,
T7,C:\workspace\FRA-UAS\semester2\CompInt\CompInt-Project-T3\MATLAB\TObjects\T7\34.png,object1,0.99475646,4.43E-05,0.005199266,,,,,,,,
T7,C:\workspace\FRA-UAS\semester2\CompInt\CompInt-Project-T3\MATLAB\TObjects\T7\35.png,object1,0.999950767,9.73E-07,4.83E-05,,,,,,,,
T7,C:\workspace\FRA-UAS\semester2\CompInt\CompInt-Project-T3\MATLAB\TObjects\T7\36.png,object1,0.961476564,3.57E-05,0.038487811,,,,,,,,
T7,C:\workspace\FRA-UAS\semester2\CompInt\CompInt-Project-T3\MATLAB\TObjects\T7\37.png,object1,0.999493122,1.89E-06,0.000504968,,,,,,,,
T7,C:\workspace\FRA-UAS\semester2\CompInt\CompInt-Project-T3\MATLAB\TObjects\T7\38.png,object1,0.719662845,0.000380316,0.279956818,,,,,,,,
T7,C:\workspace\FRA-UAS\semester2\CompInt\CompInt-Project-T3\MATLAB\TObjects\T7\39.png,object3,0.219360009,1.01E-05,0.780629814,,,,,,,,
T7,C:\workspace\FRA-UAS\semester2\CompInt\CompInt-Project-T3\MATLAB\TObjects\T7\4.png,object1,0.984392524,1.03E-06,0.015606388,,,,,,,,
T7,C:\workspace\FRA-UAS\semester2\CompInt\CompInt-Project-T3\MATLAB\TObjects\T7\40.png,object1,0.560690761,2.05E-05,0.439288765,,,,,,,,
T7,C:\workspace\FRA-UAS\semester2\CompInt\CompInt-Project-T3\MATLAB\TObjects\T7\41.png,object1,0.510674298,3.97E-06,0.489321768,,,,,,,,
T7,C:\workspace\FRA-UAS\semester2\CompInt\CompInt-Project-T3\MATLAB\TObjects\T7\42.png,object1,0.875701129,1.89E-06,0.124297045,,,,,,,,
T7,C:\workspace\FRA-UAS\semester2\CompInt\CompInt-Project-T3\MATLAB\TObjects\T7\43.png,object3,0.401921123,5.59E-06,0.598073363,,,,,,,,
T7,C:\workspace\FRA-UAS\semester2\CompInt\CompInt-Project-T3\MATLAB\TObjects\T7\44.png,object1,0.938490033,0.001208115,0.060301747,,,,,,,,
T7,C:\workspace\FRA-UAS\semester2\CompInt\CompInt-Project-T3\MATLAB\TObjects\T7\45.png,object1,0.953620434,0.00040905,0.045970507,,,,,,,,
T7,C:\workspace\FRA-UAS\semester2\CompInt\CompInt-Project-T3\MATLAB\TObjects\T7\46.png,object3,0.015496151,2.58E-06,0.984501243,,,,,,,,
T7,C:\workspace\FRA-UAS\semester2\CompInt\CompInt-Project-T3\MATLAB\TObjects\T7\47.png,object1,0.999554932,5.30E-07,0.000444583,,,,,,,,
T7,C:\workspace\FRA-UAS\semester2\CompInt\CompInt-Project-T3\MATLAB\TObjects\T7\48.png,object3,0.105656683,5.68E-05,0.894286633,,,,,,,,
T7,C:\workspace\FRA-UAS\semester2\CompInt\CompInt-Project-T3\MATLAB\TObjects\T7\49.png,object3,0.152290121,1.18E-06,0.847708702,,,,,,,,
T7,C:\workspace\FRA-UAS\semester2\CompInt\CompInt-Project-T3\MATLAB\TObjects\T7\5.png,object1,0.963837683,3.13E-06,0.036159247,,,,,,,,
T7,C:\workspace\FRA-UAS\semester2\CompInt\CompInt-Project-T3\MATLAB\TObjects\T7\50.png,object1,0.996713877,9.31E-06,0.003276864,,,,,,,,
T7,C:\workspace\FRA-UAS\semester2\CompInt\CompInt-Project-T3\MATLAB\TObjects\T7\6.png,object1,0.974565566,2.07E-06,0.025432311,,,,,,,,
T7,C:\workspace\FRA-UAS\semester2\CompInt\CompInt-Project-T3\MATLAB\TObjects\T7\7.png,object1,0.723528981,2.04E-05,0.276450723,,,,,,,,
T7,C:\workspace\FRA-UAS\semester2\CompInt\CompInt-Project-T3\MATLAB\TObjects\T7\8.png,object1,0.503159225,1.75E-05,0.496823311,,,,,,,,
T7,C:\workspace\FRA-UAS\semester2\CompInt\CompInt-Project-T3\MATLAB\TObjects\T7\9.png,object1,0.999719799,2.33E-07,0.000279939,,,,,,,,
T8,C:\workspace\FRA-UAS\semester2\CompInt\CompInt-Project-T3\MATLAB\TObjects\T8\1.png,object3,0.490109384,0.000174548,0.509716094,,,,,,,,
T8,C:\workspace\FRA-UAS\semester2\CompInt\CompInt-Project-T3\MATLAB\TObjects\T8\10.png,object3,0.312541187,5.49E-05,0.687403917,,,,,,,,
T8,C:\workspace\FRA-UAS\semester2\CompInt\CompInt-Project-T3\MATLAB\TObjects\T8\11.png,object1,0.999931455,3.24E-08,6.86E-05,,,,,,,,
T8,C:\workspace\FRA-UAS\semester2\CompInt\CompInt-Project-T3\MATLAB\TObjects\T8\12.png,object1,0.770869732,0.001138847,0.227991432,,,,,,,,
T8,C:\workspace\FRA-UAS\semester2\CompInt\CompInt-Project-T3\MATLAB\TObjects\T8\13.png,object1,0.940586209,0.031409286,0.028004471,,,,,,,,
T8,C:\workspace\FRA-UAS\semester2\CompInt\CompInt-Project-T3\MATLAB\TObjects\T8\14.png,object1,0.58086729,0.00023459,0.418898135,,,,,,,,
T8,C:\workspace\FRA-UAS\semester2\CompInt\CompInt-Project-T3\MATLAB\TObjects\T8\15.png,object3,0.391458929,6.45E-06,0.608534575,,,,,,,,
T8,C:\workspace\FRA-UAS\semester2\CompInt\CompInt-Project-T3\MATLAB\TObjects\T8\16.png,object3,0.034709711,9.83E-07,0.965289295,,,,,,,,
T8,C:\workspace\FRA-UAS\semester2\CompInt\CompInt-Project-T3\MATLAB\TObjects\T8\17.png,object3,0.172830954,9.56E-07,0.827168047,,,,,,,,
T8,C:\workspace\FRA-UAS\semester2\CompInt\CompInt-Project-T3\MATLAB\TObjects\T8\18.png,object3,0.193791568,9.97E-08,0.806208313,,,,,,,,
T8,C:\workspace\FRA-UAS\semester2\CompInt\CompInt-Project-T3\MATLAB\TObjects\T8\19.png,object3,0.023686353,3.91E-07,0.976313293,,,,,,,,
T8,C:\workspace\FRA-UAS\semester2\CompInt\CompInt-Project-T3\MATLAB\TObjects\T8\2.png,object1,0.997053623,7.95E-07,0.002945509,,,,,,,,
T8,C:\workspace\FRA-UAS\semester2\CompInt\CompInt-Project-T3\MATLAB\TObjects\T8\20.png,object3,0.00424608,2.62E-07,0.995753646,,,,,,,,
T8,C:\workspace\FRA-UAS\semester2\CompInt\CompInt-Project-T3\MATLAB\TObjects\T8\21.png,object1,0.990945458,5.08E-07,0.009054105,,,,,,,,
T8,C:\workspace\FRA-UAS\semester2\CompInt\CompInt-Project-T3\MATLAB\TObjects\T8\22.png,object3,0.330257177,1.05E-05,0.669732332,,,,,,,,
T8,C:\workspace\FRA-UAS\semester2\CompInt\CompInt-Project-T3\MATLAB\TObjects\T8\23.png,object1,0.618598819,0.000215761,0.381185472,,,,,,,,
T8,C:\workspace\FRA-UAS\semester2\CompInt\CompInt-Project-T3\MATLAB\TObjects\T8\24.png,object1,0.890278876,7.34E-07,0.109720409,,,,,,,,
T8,C:\workspace\FRA-UAS\semester2\CompInt\CompInt-Project-T3\MATLAB\TObjects\T8\25.png,object1,0.998010814,9.71E-07,0.001988204,,,,,,,,
T8,C:\workspace\FRA-UAS\semester2\CompInt\CompInt-Project-T3\MATLAB\TObjects\T8\26.png,object1,0.814763069,1.65E-05,0.185220435,,,,,,,,
T8,C:\workspace\FRA-UAS\semester2\CompInt\CompInt-Project-T3\MATLAB\TObjects\T8\27.png,object3,0.444778889,5.97E-06,0.55521512,,,,,,,,
T8,C:\workspace\FRA-UAS\semester2\CompInt\CompInt-Project-T3\MATLAB\TObjects\T8\28.png,object1,0.999999285,2.76E-10,7.67E-07,,,,,,,,
T8,C:\workspace\FRA-UAS\semester2\CompInt\CompInt-Project-T3\MATLAB\TObjects\T8\29.png,object3,0.267772377,5.81E-06,0.732221782,,,,,,,,
T8,C:\workspace\FRA-UAS\semester2\CompInt\CompInt-Project-T3\MATLAB\TObjects\T8\3.png,object3,0.132311687,6.39E-06,0.867681921,,,,,,,,
T8,C:\workspace\FRA-UAS\semester2\CompInt\CompInt-Project-T3\MATLAB\TObjects\T8\30.png,object1,0.999998689,2.17E-10,1.26E-06,,,,,,,,
T8,C:\workspace\FRA-UAS\semester2\CompInt\CompInt-Project-T3\MATLAB\TObjects\T8\31.png,object1,0.999208272,2.54E-07,0.000791463,,,,,,,,
T8,C:\workspace\FRA-UAS\semester2\CompInt\CompInt-Project-T3\MATLAB\TObjects\T8\32.png,object3,0.215498209,2.74E-05,0.784474373,,,,,,,,
T8,C:\workspace\FRA-UAS\semester2\CompInt\CompInt-Project-T3\MATLAB\TObjects\T8\33.png,object1,0.949817002,9.40E-06,0.050173558,,,,,,,,
T8,C:\workspace\FRA-UAS\semester2\CompInt\CompInt-Project-T3\MATLAB\TObjects\T8\34.png,object1,0.999880791,2.18E-07,0.00011894,,,,,,,,
T8,C:\workspace\FRA-UAS\semester2\CompInt\CompInt-Project-T3\MATLAB\TObjects\T8\35.png,object1,0.934099734,0.000735108,0.065165095,,,,,,,,
T8,C:\workspace\FRA-UAS\semester2\CompInt\CompInt-Project-T3\MATLAB\TObjects\T8\36.png,object3,0.274822712,2.41E-05,0.725153208,,,,,,,,
T8,C:\workspace\FRA-UAS\semester2\CompInt\CompInt-Project-T3\MATLAB\TObjects\T8\37.png,object1,0.992389619,5.31E-06,0.00760507,,,,,,,,
T8,C:\workspace\FRA-UAS\semester2\CompInt\CompInt-Project-T3\MATLAB\TObjects\T8\38.png,object1,0.94701463,1.32E-06,0.052984077,,,,,,,,
T8,C:\workspace\FRA-UAS\semester2\CompInt\CompInt-Project-T3\MATLAB\TObjects\T8\39.png,object3,0.197109371,2.24E-06,0.802888453,,,,,,,,
T8,C:\workspace\FRA-UAS\semester2\CompInt\CompInt-Project-T3\MATLAB\TObjects\T8\4.png,object1,0.908088982,4.21E-05,0.091868944,,,,,,,,
T8,C:\workspace\FRA-UAS\semester2\CompInt\CompInt-Project-T3\MATLAB\TObjects\T8\40.png,object1,0.897146344,0.002238867,0.100614771,,,,,,,,
T8,C:\workspace\FRA-UAS\semester2\CompInt\CompInt-Project-T3\MATLAB\TObjects\T8\41.png,object3,0.276203454,3.82E-05,0.72375834,,,,,,,,
T8,C:\workspace\FRA-UAS\semester2\CompInt\CompInt-Project-T3\MATLAB\TObjects\T8\42.png,object1,0.959108472,4.57E-05,0.040845834,,,,,,,,
T8,C:\workspace\FRA-UAS\semester2\CompInt\CompInt-Project-T3\MATLAB\TObjects\T8\43.png,object3,0.321816087,1.84E-05,0.678165495,,,,,,,,
T8,C:\workspace\FRA-UAS\semester2\CompInt\CompInt-Project-T3\MATLAB\TObjects\T8\44.png,object3,0.045210369,1.74E-05,0.954772234,,,,,,,,
T8,C:\workspace\FRA-UAS\semester2\CompInt\CompInt-Project-T3\MATLAB\TObjects\T8\45.png,object3,0.008629825,1.90E-07,0.991369963,,,,,,,,
T8,C:\workspace\FRA-UAS\semester2\CompInt\CompInt-Project-T3\MATLAB\TObjects\T8\46.png,object1,0.999524593,4.19E-05,0.000433432,,,,,,,,
T8,C:\workspace\FRA-UAS\semester2\CompInt\CompInt-Project-T3\MATLAB\TObjects\T8\47.png,object3,0.034763921,2.37E-06,0.965233624,,,,,,,,
T8,C:\workspace\FRA-UAS\semester2\CompInt\CompInt-Project-T3\MATLAB\TObjects\T8\48.png,object1,0.673249364,4.12E-07,0.326750159,,,,,,,,
T8,C:\workspace\FRA-UAS\semester2\CompInt\CompInt-Project-T3\MATLAB\TObjects\T8\49.png,object1,0.9425143,0.000219145,0.057266589,,,,,,,,
T8,C:\workspace\FRA-UAS\semester2\CompInt\CompInt-Project-T3\MATLAB\TObjects\T8\5.png,object1,0.896844864,0.00160756,0.101547576,,,,,,,,
T8,C:\workspace\FRA-UAS\semester2\CompInt\CompInt-Project-T3\MATLAB\TObjects\T8\50.png,object1,0.503082633,3.40E-06,0.49691391,,,,,,,,
T8,C:\workspace\FRA-UAS\semester2\CompInt\CompInt-Project-T3\MATLAB\TObjects\T8\6.png,object1,0.803985596,7.69E-05,0.19593741,,,,,,,,
T8,C:\workspace\FRA-UAS\semester2\CompInt\CompInt-Project-T3\MATLAB\TObjects\T8\7.png,object1,0.949436009,0.000217298,0.050346635,,,,,,,,
T8,C:\workspace\FRA-UAS\semester2\CompInt\CompInt-Project-T3\MATLAB\TObjects\T8\8.png,object1,0.899178982,5.64E-06,0.100815333,,,,,,,,
T8,C:\workspace\FRA-UAS\semester2\CompInt\CompInt-Project-T3\MATLAB\TObjects\T8\9.png,object1,0.668227971,7.03E-05,0.331701726,,,,,,,,
T9,C:\workspace\FRA-UAS\semester2\CompInt\CompInt-Project-T3\MATLAB\TObjects\T9\1.png,object1,0.959680974,9.72E-07,0.04031812,,,,,,,,
T9,C:\workspace\FRA-UAS\semester2\CompInt\CompInt-Project-T3\MATLAB\TObjects\T9\10.png,object1,0.999724329,1.43E-08,0.000275688,,,,,,,,
T9,C:\workspace\FRA-UAS\semester2\CompInt\CompInt-Project-T3\MATLAB\TObjects\T9\11.png,object1,0.846819699,0.000266338,0.152913928,,,,,,,,
T9,C:\workspace\FRA-UAS\semester2\CompInt\CompInt-Project-T3\MATLAB\TObjects\T9\12.png,object1,0.614192069,9.35E-05,0.385714412,,,,,,,,
T9,C:\workspace\FRA-UAS\semester2\CompInt\CompInt-Project-T3\MATLAB\TObjects\T9\13.png,object1,0.973562419,2.65E-05,0.026411019,,,,,,,,
T9,C:\workspace\FRA-UAS\semester2\CompInt\CompInt-Project-T3\MATLAB\TObjects\T9\14.png,object1,0.999453485,1.02E-06,0.000545449,,,,,,,,
T9,C:\workspace\FRA-UAS\semester2\CompInt\CompInt-Project-T3\MATLAB\TObjects\T9\15.png,object3,0.183605298,0.011354071,0.805040538,,,,,,,,
T9,C:\workspace\FRA-UAS\semester2\CompInt\CompInt-Project-T3\MATLAB\TObjects\T9\16.png,object1,0.996641636,4.98E-05,0.003308625,,,,,,,,
T9,C:\workspace\FRA-UAS\semester2\CompInt\CompInt-Project-T3\MATLAB\TObjects\T9\17.png,object1,0.972866535,1.44E-05,0.027119035,,,,,,,,
T9,C:\workspace\FRA-UAS\semester2\CompInt\CompInt-Project-T3\MATLAB\TObjects\T9\18.png,object1,0.953103483,0.002530939,0.044365536,,,,,,,,
T9,C:\workspace\FRA-UAS\semester2\CompInt\CompInt-Project-T3\MATLAB\TObjects\T9\19.png,object3,0.060231894,3.59E-07,0.939767778,,,,,,,,
T9,C:\workspace\FRA-UAS\semester2\CompInt\CompInt-Project-T3\MATLAB\TObjects\T9\2.png,object3,0.315414667,4.69E-05,0.684538424,,,,,,,,
T9,C:\workspace\FRA-UAS\semester2\CompInt\CompInt-Project-T3\MATLAB\TObjects\T9\20.png,object1,0.692519963,2.39E-07,0.307479769,,,,,,,,
T9,C:\workspace\FRA-UAS\semester2\CompInt\CompInt-Project-T3\MATLAB\TObjects\T9\21.png,object3,0.000187842,1.60E-08,0.999812186,,,,,,,,
T9,C:\workspace\FRA-UAS\semester2\CompInt\CompInt-Project-T3\MATLAB\TObjects\T9\22.png,object3,0.018447483,3.82E-06,0.981548607,,,,,,,,
T9,C:\workspace\FRA-UAS\semester2\CompInt\CompInt-Project-T3\MATLAB\TObjects\T9\23.png,object1,0.836336076,8.28E-06,0.163655698,,,,,,,,
T9,C:\workspace\FRA-UAS\semester2\CompInt\CompInt-Project-T3\MATLAB\TObjects\T9\24.png,object1,0.869262576,0.000554235,0.130183131,,,,,,,,
T9,C:\workspace\FRA-UAS\semester2\CompInt\CompInt-Project-T3\MATLAB\TObjects\T9\25.png,object1,0.991536021,1.66E-06,0.008462369,,,,,,,,
T9,C:\workspace\FRA-UAS\semester2\CompInt\CompInt-Project-T3\MATLAB\TObjects\T9\26.png,object1,0.999409676,1.78E-07,0.000590262,,,,,,,,
T9,C:\workspace\FRA-UAS\semester2\CompInt\CompInt-Project-T3\MATLAB\TObjects\T9\27.png,object1,0.971660316,0.000146222,0.028193479,,,,,,,,
T9,C:\workspace\FRA-UAS\semester2\CompInt\CompInt-Project-T3\MATLAB\TObjects\T9\28.png,object1,0.761567414,0.000132963,0.238299608,,,,,,,,
T9,C:\workspace\FRA-UAS\semester2\CompInt\CompInt-Project-T3\MATLAB\TObjects\T9\29.png,object1,0.787822425,5.30E-05,0.212124616,,,,,,,,
T9,C:\workspace\FRA-UAS\semester2\CompInt\CompInt-Project-T3\MATLAB\TObjects\T9\3.png,object3,0.447837085,0.000237815,0.551925123,,,,,,,,
T9,C:\workspace\FRA-UAS\semester2\CompInt\CompInt-Project-T3\MATLAB\TObjects\T9\30.png,object1,0.999309063,2.71E-06,0.0006882,,,,,,,,
T9,C:\workspace\FRA-UAS\semester2\CompInt\CompInt-Project-T3\MATLAB\TObjects\T9\31.png,object3,0.348769575,0.00033732,0.650893152,,,,,,,,
T9,C:\workspace\FRA-UAS\semester2\CompInt\CompInt-Project-T3\MATLAB\TObjects\T9\32.png,object3,0.002197739,2.85E-06,0.997799337,,,,,,,,
T9,C:\workspace\FRA-UAS\semester2\CompInt\CompInt-Project-T3\MATLAB\TObjects\T9\33.png,object1,0.995263219,1.02E-05,0.004726517,,,,,,,,
T9,C:\workspace\FRA-UAS\semester2\CompInt\CompInt-Project-T3\MATLAB\TObjects\T9\34.png,object3,0.467913866,0.000182666,0.531903505,,,,,,,,
T9,C:\workspace\FRA-UAS\semester2\CompInt\CompInt-Project-T3\MATLAB\TObjects\T9\35.png,object1,0.722647905,9.60E-06,0.277342558,,,,,,,,
T9,C:\workspace\FRA-UAS\semester2\CompInt\CompInt-Project-T3\MATLAB\TObjects\T9\36.png,object1,0.94879353,0.000863297,0.050343197,,,,,,,,
T9,C:\workspace\FRA-UAS\semester2\CompInt\CompInt-Project-T3\MATLAB\TObjects\T9\37.png,object3,0.181294039,6.55E-05,0.818640471,,,,,,,,
T9,C:\workspace\FRA-UAS\semester2\CompInt\CompInt-Project-T3\MATLAB\TObjects\T9\38.png,object3,0.127867132,4.70E-06,0.872128189,,,,,,,,
T9,C:\workspace\FRA-UAS\semester2\CompInt\CompInt-Project-T3\MATLAB\TObjects\T9\39.png,object1,0.998489976,7.81E-06,0.001502182,,,,,,,,
T9,C:\workspace\FRA-UAS\semester2\CompInt\CompInt-Project-T3\MATLAB\TObjects\T9\4.png,object1,0.797990203,5.40E-05,0.201955721,,,,,,,,
T9,C:\workspace\FRA-UAS\semester2\CompInt\CompInt-Project-T3\MATLAB\TObjects\T9\40.png,object1,0.928138137,0.000904638,0.070957243,,,,,,,,
T9,C:\workspace\FRA-UAS\semester2\CompInt\CompInt-Project-T3\MATLAB\TObjects\T9\41.png,object3,0.455703586,0.00034543,0.543950975,,,,,,,,
T9,C:\workspace\FRA-UAS\semester2\CompInt\CompInt-Project-T3\MATLAB\TObjects\T9\42.png,object1,0.981676817,9.50E-06,0.018313723,,,,,,,,
T9,C:\workspace\FRA-UAS\semester2\CompInt\CompInt-Project-T3\MATLAB\TObjects\T9\43.png,object3,0.126502335,1.07E-05,0.873486936,,,,,,,,
T9,C:\workspace\FRA-UAS\semester2\CompInt\CompInt-Project-T3\MATLAB\TObjects\T9\44.png,object3,0.288082123,4.31E-05,0.711874723,,,,,,,,
T9,C:\workspace\FRA-UAS\semester2\CompInt\CompInt-Project-T3\MATLAB\TObjects\T9\45.png,object1,0.999433815,8.83E-06,0.000557292,,,,,,,,
T9,C:\workspace\FRA-UAS\semester2\CompInt\CompInt-Project-T3\MATLAB\TObjects\T9\46.png,object3,0.08326003,0.000129013,0.916610956,,,,,,,,
T9,C:\workspace\FRA-UAS\semester2\CompInt\CompInt-Project-T3\MATLAB\TObjects\T9\47.png,object1,0.997904301,2.83E-06,0.002092831,,,,,,,,
T9,C:\workspace\FRA-UAS\semester2\CompInt\CompInt-Project-T3\MATLAB\TObjects\T9\48.png,object1,0.566165209,0.00027628,0.433558553,,,,,,,,
T9,C:\workspace\FRA-UAS\semester2\CompInt\CompInt-Project-T3\MATLAB\TObjects\T9\49.png,object1,0.897692502,8.09E-05,0.102226563,,,,,,,,
T9,C:\workspace\FRA-UAS\semester2\CompInt\CompInt-Project-T3\MATLAB\TObjects\T9\5.png,object1,0.572441161,0.000805508,0.426753253,,,,,,,,
T9,C:\workspace\FRA-UAS\semester2\CompInt\CompInt-Project-T3\MATLAB\TObjects\T9\50.png,object1,0.998602092,7.10E-07,0.001397158,,,,,,,,
T9,C:\workspace\FRA-UAS\semester2\CompInt\CompInt-Project-T3\MATLAB\TObjects\T9\6.png,object1,0.685943604,0.019545307,0.294511139,,,,,,,,
T9,C:\workspace\FRA-UAS\semester2\CompInt\CompInt-Project-T3\MATLAB\TObjects\T9\7.png,object3,0.38610822,0.000373798,0.613518,,,,,,,,
T9,C:\workspace\FRA-UAS\semester2\CompInt\CompInt-Project-T3\MATLAB\TObjects\T9\8.png,object3,0.080121316,1.43E-05,0.919864416,,,,,,,,
T9,C:\workspace\FRA-UAS\semester2\CompInt\CompInt-Project-T3\MATLAB\TObjects\T9\9.png,object3,0.016964296,5.12E-08,0.983035684,,,,,,,,
